subject,group,run,story,valence,spectral_entropy
1041,2,run_1,Grandfather Clocks,neutral,5.4319984641262264
1032,2,run_1,Pool Party,positive,5.001144294195156
1024,3,run_1,Sea Ice,neutral,5.387205007201875
1020,2,run_1,Grandfather Clocks,neutral,5.085448432303996
1038,2,run_1,Dont Look,negative,6.076120374052197
1015,3,run_1,Sea Ice,neutral,5.0234043700351
1015,3,run_1,Dont Look,negative,5.762475337107912
1032,2,run_1,Grandfather Clocks,neutral,5.246009928042307
1006,3,run_1,Sea Ice,neutral,4.441353393364255
1034,1,run_1,Natalie Wood,negative,6.37534279591874
1010,1,run_1,Natalie Wood,negative,6.344519852207688
1031,1,run_1,Pool Party,positive,5.541120235024089
1004,1,run_1,Pool Party,positive,4.864432448776565
1041,2,run_1,Pool Party,positive,5.227021318676492
1021,3,run_1,Dont Look,negative,6.015772060972012
1037,1,run_1,Natalie Wood,negative,5.314479707403531
1022,1,run_1,Natalie Wood,negative,6.257002053922781
1019,1,run_1,Pool Party,positive,5.114905676492013
1002,2,run_1,Grandfather Clocks,neutral,5.716767440049851
1013,1,run_1,Natalie Wood,negative,6.497450276400484
1037,1,run_1,Sea Ice,neutral,3.8173971016453097
1023,2,run_1,Pool Party,positive,4.789313284785826
1018,3,run_1,Impatient Billionaire,positive,5.290394620129102
1012,3,run_1,Dont Look,negative,5.837238735651132
1042,3,run_1,Sea Ice,neutral,5.325194746469687
1035,2,run_1,Pool Party,positive,5.57613798104126
1026,2,run_1,Grandfather Clocks,neutral,5.517277026409371
1030,3,run_1,Sea Ice,neutral,5.462082431824118
1032,2,run_1,Dont Look,negative,5.688784898737362
1034,1,run_1,Sea Ice,neutral,5.075567751111078
1030,3,run_1,Impatient Billionaire,positive,4.98113219134248
1037,1,run_1,Pool Party,positive,5.217163660242303
1006,3,run_1,Impatient Billionaire,positive,5.0226810382955005
1038,2,run_1,Grandfather Clocks,neutral,5.78447837373547
1031,1,run_1,Natalie Wood,negative,5.698586279448275
1039,3,run_1,Dont Look,negative,5.661184582229908
1012,3,run_1,Sea Ice,neutral,4.946088494808215
1016,1,run_1,Sea Ice,neutral,4.688276873942321
1017,2,run_1,Pool Party,positive,5.290360254370685
1003,3,run_1,Impatient Billionaire,positive,5.297966419130963
1017,2,run_1,Grandfather Clocks,neutral,5.640740273491559
1024,3,run_1,Dont Look,negative,5.987306105199373
1019,1,run_1,Sea Ice,neutral,5.005283447944226
1038,2,run_1,Pool Party,positive,5.244993818379277
1001,1,run_1,Sea Ice,neutral,5.181053062060402
1043,1,run_1,Pool Party,positive,5.34033291920112
1020,2,run_1,Dont Look,negative,5.821659454115332
1029,2,run_1,Pool Party,positive,5.162665152132587
1045,3,run_1,Sea Ice,neutral,4.932338348810186
1013,1,run_1,Pool Party,positive,5.576770791875148
1035,2,run_1,Grandfather Clocks,neutral,5.8530860401433875
1016,1,run_1,Natalie Wood,negative,6.3388695972487215
1027,3,run_1,Sea Ice,neutral,5.116154741415862
1018,3,run_1,Dont Look,negative,6.377667998931972
1035,2,run_1,Dont Look,negative,6.482010853042562
1003,3,run_1,Sea Ice,neutral,4.7939131258197545
1016,1,run_1,Pool Party,positive,5.278842678902695
1040,1,run_1,Natalie Wood,negative,6.182687987070216
1029,2,run_1,Grandfather Clocks,neutral,5.620334810023568
1042,3,run_1,Impatient Billionaire,positive,5.196377924162319
1021,3,run_1,Sea Ice,neutral,5.005673041728119
1045,3,run_1,Impatient Billionaire,positive,4.758986911722681
1025,1,run_1,Sea Ice,neutral,4.805179252251639
1029,2,run_1,Dont Look,negative,5.8116195794705146
1019,1,run_1,Natalie Wood,negative,6.366205091177916
1020,2,run_1,Pool Party,positive,5.3743261975302214
1026,2,run_1,Dont Look,negative,5.720727654879192
1043,1,run_1,Sea Ice,neutral,5.430190495266026
1024,3,run_1,Impatient Billionaire,positive,5.036176789386112
1012,3,run_1,Impatient Billionaire,positive,5.177902841114337
1025,1,run_1,Natalie Wood,negative,6.040054889061292
1001,1,run_1,Natalie Wood,negative,6.120157932064293
1039,3,run_1,Sea Ice,neutral,4.9301483106206945
1003,3,run_1,Dont Look,negative,6.092065058988226
1027,3,run_1,Impatient Billionaire,positive,3.7477566509567732
1021,3,run_1,Impatient Billionaire,positive,4.662594805887871
1043,1,run_1,Natalie Wood,negative,5.8483355801477535
1010,1,run_1,Sea Ice,neutral,5.160650095941552
1044,2,run_1,Dont Look,negative,6.168143947205794
1015,3,run_1,Impatient Billionaire,positive,4.96256840516338
1030,3,run_1,Dont Look,negative,6.04163888311473
1023,2,run_1,Grandfather Clocks,neutral,5.837236804154446
1042,3,run_1,Dont Look,negative,6.338154098565821
1026,2,run_1,Pool Party,positive,5.056735098706865
1013,1,run_1,Sea Ice,neutral,5.747608621995614
1041,2,run_1,Dont Look,negative,6.060911260972189
1018,3,run_1,Sea Ice,neutral,5.185576519760684
1022,1,run_1,Sea Ice,neutral,4.922123003733428
1040,1,run_1,Pool Party,positive,5.349376380483272
1040,1,run_1,Sea Ice,neutral,5.343803298747763
1006,3,run_1,Dont Look,negative,6.168811821190854
1031,1,run_1,Sea Ice,neutral,4.965350811504928
1039,3,run_1,Impatient Billionaire,positive,3.5585685878648627
1025,1,run_1,Pool Party,positive,4.775627178024419
1023,2,run_1,Dont Look,negative,6.076129505256122
1010,1,run_1,Pool Party,positive,5.435678026536971
1022,1,run_1,Pool Party,positive,5.039238369270335
1027,3,run_1,Dont Look,negative,5.838562448629045
1044,2,run_1,Pool Party,positive,5.23308457454041
1001,1,run_1,Pool Party,positive,5.083480208540271
1002,2,run_1,Dont Look,negative,5.8663549922685
1034,1,run_1,Pool Party,positive,5.563500288474272
1004,1,run_1,Sea Ice,neutral,5.535278585572492
1004,1,run_1,Natalie Wood,negative,6.37323126772735
1017,2,run_1,Dont Look,negative,6.1923275573838685
1002,2,run_1,Pool Party,positive,5.121027672735271
1044,2,run_1,Grandfather Clocks,neutral,5.3548475574365515
1045,3,run_1,Dont Look,negative,5.8976032676125785
1031,1,run_2,Grandfather Clocks,neutral,5.022957673145112
1004,1,run_2,Impatient Billionaire,positive,5.085521886597279
1025,1,run_2,Dont Look,negative,5.78790414759617
1028,1,run_2,Grandfather Clocks,neutral,5.437089279509762
1031,1,run_2,Impatient Billionaire,positive,3.739764706842863
1039,3,run_2,Natalie Wood,negative,5.514761825961088
1037,1,run_2,Impatient Billionaire,positive,3.6457297075675617
1001,1,run_2,Impatient Billionaire,positive,4.768881789766073
1020,2,run_2,Sea Ice,neutral,4.937211744441839
1039,3,run_2,Grandfather Clocks,neutral,5.766289908937832
1006,3,run_2,Natalie Wood,negative,6.494285404780258
1034,1,run_2,Impatient Billionaire,positive,5.193328428545654
1021,3,run_2,Natalie Wood,negative,5.5955109493904045
1001,1,run_2,Grandfather Clocks,neutral,5.411773510947499
1032,2,run_2,Impatient Billionaire,positive,4.725537741559614
1029,2,run_2,Natalie Wood,negative,6.185362692563677
1019,1,run_2,Dont Look,negative,6.273940151487538
1040,1,run_2,Dont Look,negative,5.869052252351245
1032,2,run_2,Natalie Wood,negative,5.903905800467047
1037,1,run_2,Dont Look,negative,5.364429610741306
1038,2,run_2,Sea Ice,neutral,5.031546256956557
1006,3,run_2,Pool Party,positive,5.248545752517026
1025,1,run_2,Grandfather Clocks,neutral,5.465504969245635
1004,1,run_2,Dont Look,negative,5.85652729463995
1035,2,run_2,Impatient Billionaire,positive,5.112391193166549
1041,2,run_2,Natalie Wood,negative,6.133359016918925
1037,1,run_2,Grandfather Clocks,neutral,5.055572437076064
1003,3,run_2,Natalie Wood,negative,6.672019641528315
1001,1,run_2,Dont Look,negative,5.856015174736036
1018,3,run_2,Natalie Wood,negative,6.490247217094705
1029,2,run_2,Impatient Billionaire,positive,5.014938693626635
1027,3,run_2,Natalie Wood,negative,6.026457977136069
1043,1,run_2,Grandfather Clocks,neutral,5.350538816122484
1024,3,run_2,Pool Party,positive,5.0049974054855575
1021,3,run_2,Grandfather Clocks,neutral,5.7996781415060585
1028,1,run_2,Impatient Billionaire,positive,5.168749374947306
1023,2,run_2,Sea Ice,neutral,5.239403806109341
1044,2,run_2,Natalie Wood,negative,6.125549296873812
1027,3,run_2,Grandfather Clocks,neutral,5.749944468483621
1019,1,run_2,Grandfather Clocks,neutral,5.820578401758961
1039,3,run_2,Pool Party,positive,4.986329910359665
1042,3,run_2,Natalie Wood,negative,6.336068622630727
1015,3,run_2,Natalie Wood,negative,6.214848096145228
1003,3,run_2,Grandfather Clocks,neutral,5.545434947531061
1024,3,run_2,Natalie Wood,negative,6.009549150879763
1041,2,run_2,Sea Ice,neutral,5.587500185629735
1028,1,run_2,Dont Look,negative,5.944603674107094
1019,1,run_2,Impatient Billionaire,positive,5.066882579585014
1006,3,run_2,Grandfather Clocks,neutral,5.54119922082194
1040,1,run_2,Grandfather Clocks,neutral,5.570303573266061
1030,3,run_2,Natalie Wood,negative,6.588952508851068
1034,1,run_2,Dont Look,negative,5.842941114925366
1043,1,run_2,Dont Look,negative,5.913458473356323
1030,3,run_2,Grandfather Clocks,neutral,5.679178328689
1030,3,run_2,Pool Party,positive,5.35299674585178
1038,2,run_2,Natalie Wood,negative,6.244496649381143
1023,2,run_2,Natalie Wood,negative,6.34850193013885
1024,3,run_2,Grandfather Clocks,neutral,5.41450078840103
1045,3,run_2,Grandfather Clocks,neutral,5.487210067045389
1020,2,run_2,Natalie Wood,negative,5.823058358818312
1018,3,run_2,Pool Party,positive,5.25675913460074
1021,3,run_2,Pool Party,positive,5.035803445355435
1035,2,run_2,Natalie Wood,negative,6.750588552253391
1032,2,run_2,Sea Ice,neutral,5.170724176571616
1038,2,run_2,Impatient Billionaire,positive,4.61056756767532
1012,3,run_2,Grandfather Clocks,neutral,5.576661346759068
1015,3,run_2,Grandfather Clocks,neutral,5.064830553206787
1026,2,run_2,Impatient Billionaire,positive,5.05699666941716
1026,2,run_2,Natalie Wood,negative,5.898665297537295
1003,3,run_2,Pool Party,positive,5.409118007276568
1043,1,run_2,Impatient Billionaire,positive,4.895613912113947
1040,1,run_2,Impatient Billionaire,positive,5.099667495150065
1017,2,run_2,Natalie Wood,negative,6.06059517327863
1015,3,run_2,Pool Party,positive,4.842690896654413
1023,2,run_2,Impatient Billionaire,positive,4.90538112654326
1045,3,run_2,Pool Party,positive,5.031182636329812
1042,3,run_2,Grandfather Clocks,neutral,5.967189326616729
1010,1,run_2,Dont Look,negative,6.190942110344772
1004,1,run_2,Grandfather Clocks,neutral,5.8994816022535606
1017,2,run_2,Impatient Billionaire,positive,5.322824494559869
1020,2,run_2,Impatient Billionaire,positive,4.916489434192257
1042,3,run_2,Pool Party,positive,5.4998311175539065
1010,1,run_2,Impatient Billionaire,positive,4.915984602937824
1044,2,run_2,Sea Ice,neutral,4.938276218845792
1031,1,run_2,Dont Look,negative,5.334986148148795
1010,1,run_2,Grandfather Clocks,neutral,5.659288928256567
1035,2,run_2,Sea Ice,neutral,5.478460385731864
1041,2,run_2,Impatient Billionaire,positive,4.843843327736159
1025,1,run_2,Impatient Billionaire,positive,4.411246762179833
1045,3,run_2,Natalie Wood,negative,5.918490179672852
1026,2,run_2,Sea Ice,neutral,5.329036838682694
1012,3,run_2,Pool Party,positive,4.970651493832854
1012,3,run_2,Natalie Wood,negative,6.003730243009306
1027,3,run_2,Pool Party,positive,4.872720273773911
1034,1,run_2,Grandfather Clocks,neutral,5.885843329324622
1018,3,run_2,Grandfather Clocks,neutral,5.7331641093038455
1017,2,run_2,Sea Ice,neutral,4.823483156525527
1044,2,run_2,Impatient Billionaire,positive,4.81591026533833
1029,2,run_2,Sea Ice,neutral,5.187726877861445
