subject,group,story,valence,mean_pupil_size,z_pupil,run
1022,1,Pool Party,positive,-0.0713143749372734,-0.0713143749372734,run_1
1022,1,Sea Ice,neutral,-0.6454657786358522,-0.6454657786358522,run_1
1022,1,Natalie Wood,negative,0.3483046601928934,0.3483046601928934,run_1
1035,2,Dont Look,negative,-0.238720072370504,-0.238720072370504,run_1
1035,2,Pool Party,positive,0.2869468546244818,0.2869468546244818,run_1
1035,2,Grandfather Clocks,neutral,0.1210779749417413,0.1210779749417413,run_1
1035,2,Impatient Billionaire,positive,0.0129617605090578,0.0129617605090578,run_2
1035,2,Natalie Wood,negative,-0.014340089807797,-0.014340089807797,run_2
1035,2,Sea Ice,neutral,0.0504879887781554,0.0504879887781554,run_2
1029,2,Dont Look,negative,0.0552473050781406,0.0552473050781406,run_1
1029,2,Pool Party,positive,-0.2674505693212562,-0.2674505693212562,run_1
1029,2,Grandfather Clocks,neutral,0.1128595217277595,0.1128595217277595,run_1
1029,2,Impatient Billionaire,positive,0.4028404698407271,0.4028404698407271,run_2
1029,2,Natalie Wood,negative,-0.1107514621537837,-0.1107514621537837,run_2
1029,2,Sea Ice,neutral,-0.0093936176923366,-0.0093936176923366,run_2
1036,3,Sea Ice,neutral,-0.8223193678099932,-0.8223193678099932,run_1
1036,3,Dont Look,negative,0.2267229801276218,0.2267229801276218,run_1
1036,3,Impatient Billionaire,positive,0.4451625700870391,0.4451625700870391,run_1
1036,3,Natalie Wood,negative,0.2033475319888134,0.2033475319888134,run_2
1036,3,Grandfather Clocks,neutral,-0.1923017197492786,-0.1923017197492786,run_2
1036,3,Pool Party,positive,-0.1863911894299799,-0.1863911894299799,run_2
1032,2,Dont Look,negative,-0.0279943446222554,-0.0279943446222554,run_1
1032,2,Pool Party,positive,-0.3009708284454984,-0.3009708284454984,run_1
1032,2,Grandfather Clocks,neutral,0.2445548643663918,0.2445548643663918,run_1
1032,2,Impatient Billionaire,positive,0.147670639702507,0.147670639702507,run_2
1032,2,Natalie Wood,negative,-0.248274359252085,-0.248274359252085,run_2
1032,2,Sea Ice,neutral,0.3844312035229909,0.3844312035229909,run_2
1026,2,Dont Look,negative,-0.5732692144126068,-0.5732692144126068,run_1
1026,2,Pool Party,positive,0.4976002925618831,0.4976002925618831,run_1
1026,2,Grandfather Clocks,neutral,0.4093438306500707,0.4093438306500707,run_1
1026,2,Impatient Billionaire,positive,-0.0601371363992301,-0.0601371363992301,run_2
1026,2,Natalie Wood,negative,-0.1064443633031673,-0.1064443633031673,run_2
1026,2,Sea Ice,neutral,0.3050192668457236,0.3050192668457236,run_2
1023,2,Dont Look,negative,0.2056534875105487,0.2056534875105487,run_1
1023,2,Pool Party,positive,-0.057971018858985,-0.057971018858985,run_1
1023,2,Grandfather Clocks,neutral,-0.2360547846276451,-0.2360547846276451,run_1
1023,2,Impatient Billionaire,positive,-0.0440610832541852,-0.0440610832541852,run_2
1023,2,Natalie Wood,negative,-0.0485469664615575,-0.0485469664615575,run_2
1023,2,Sea Ice,neutral,0.1758871522575861,0.1758871522575861,run_2
1034,1,Pool Party,positive,0.1741937168841579,0.1741937168841579,run_1
1034,1,Sea Ice,neutral,-0.918841057110567,-0.918841057110567,run_1
1034,1,Natalie Wood,negative,0.3327992166670324,0.3327992166670324,run_1
1034,1,Grandfather Clocks,neutral,-0.2781403639498416,-0.2781403639498416,run_2
1034,1,Impatient Billionaire,positive,-0.315638698798886,-0.315638698798886,run_2
1034,1,Dont Look,negative,0.3008732455604416,0.3008732455604416,run_2
1027,3,Sea Ice,neutral,-0.6448151427071731,-0.6448151427071731,run_1
1027,3,Dont Look,negative,-0.0706554243744765,-0.0706554243744765,run_1
1027,3,Impatient Billionaire,positive,0.8438571748451371,0.8438571748451371,run_1
1027,3,Natalie Wood,negative,-0.063392109419379,-0.063392109419379,run_2
1027,3,Grandfather Clocks,neutral,0.2966701256026424,0.2966701256026424,run_2
1027,3,Pool Party,positive,-0.2777518135680621,-0.2777518135680621,run_2
1038,2,Dont Look,negative,-0.2083345701575706,-0.2083345701575706,run_1
1038,2,Pool Party,positive,0.5373561320747938,0.5373561320747938,run_1
1038,2,Grandfather Clocks,neutral,-0.1282099502050872,-0.1282099502050872,run_1
1038,2,Impatient Billionaire,positive,-0.4374935662930935,-0.4374935662930935,run_2
1038,2,Natalie Wood,negative,-0.1562970149525506,-0.1562970149525506,run_2
1038,2,Sea Ice,neutral,0.6852309757960344,0.6852309757960344,run_2
1024,3,Sea Ice,neutral,-0.1040661685124137,-0.1040661685124137,run_1
1024,3,Dont Look,negative,-0.0170144354674568,-0.0170144354674568,run_1
1024,3,Impatient Billionaire,positive,0.1349288612063767,0.1349288612063767,run_1
1024,3,Natalie Wood,negative,0.5076904666726625,0.5076904666726625,run_2
1024,3,Grandfather Clocks,neutral,-0.2388790033344067,-0.2388790033344067,run_2
1024,3,Pool Party,positive,-0.7777743072439504,-0.7777743072439504,run_2
1020,2,Dont Look,negative,0.762851809882836,0.762851809882836,run_1
1020,2,Pool Party,positive,-0.1946714117494911,-0.1946714117494911,run_1
1020,2,Grandfather Clocks,neutral,-0.8729967087861212,-0.8729967087861212,run_1
1020,2,Impatient Billionaire,positive,0.6881996731208433,0.6881996731208433,run_2
1020,2,Natalie Wood,negative,-0.1496788933881795,-0.1496788933881795,run_2
1020,2,Sea Ice,neutral,-0.3448438716312749,-0.3448438716312749,run_2
1007,1,Pool Party,positive,0.529097441991845,0.529097441991845,run_1
1007,1,Sea Ice,neutral,0.146457417159068,0.146457417159068,run_1
1007,1,Natalie Wood,negative,-0.304512167820873,-0.304512167820873,run_1
1007,1,Grandfather Clocks,neutral,-0.2558818590583301,-0.2558818590583301,run_2
1007,1,Impatient Billionaire,positive,-0.1234853954693547,-0.1234853954693547,run_2
1007,1,Dont Look,negative,0.2290306266206028,0.2290306266206028,run_2
1015,3,Sea Ice,neutral,-0.5041587596179119,-0.5041587596179119,run_1
1015,3,Dont Look,negative,-0.1916370033735387,-0.1916370033735387,run_1
1015,3,Impatient Billionaire,positive,0.9515105823595846,0.9515105823595846,run_1
1015,3,Natalie Wood,negative,0.130311633621134,0.130311633621134,run_2
1015,3,Grandfather Clocks,neutral,-0.3621664272842422,-0.3621664272842422,run_2
1015,3,Pool Party,positive,0.2157012453151205,0.2157012453151205,run_2
1041,2,Dont Look,negative,0.10873438426279,0.10873438426279,run_1
1041,2,Pool Party,positive,0.0761305768404332,0.0761305768404332,run_1
1041,2,Grandfather Clocks,neutral,-0.2092090648651698,-0.2092090648651698,run_1
1041,2,Impatient Billionaire,positive,-0.1946765175806041,-0.1946765175806041,run_2
1041,2,Natalie Wood,negative,0.1865816894410205,0.1865816894410205,run_2
1041,2,Sea Ice,neutral,-0.2315947085508009,-0.2315947085508009,run_2
1045,3,Sea Ice,neutral,0.3768723546266446,0.3768723546266446,run_1
1045,3,Dont Look,negative,-0.1609635543533113,-0.1609635543533113,run_1
1045,3,Impatient Billionaire,positive,-0.0667285121919692,-0.0667285121919692,run_1
1045,3,Natalie Wood,negative,0.0439536511752985,0.0439536511752985,run_2
1045,3,Grandfather Clocks,neutral,-0.0012158586776726,-0.0012158586776726,run_2
1045,3,Pool Party,positive,-0.1104051809580309,-0.1104051809580309,run_2
1008,2,Dont Look,negative,-0.0230184424320016,-0.0230184424320016,run_1
1008,2,Pool Party,positive,0.3410361866838817,0.3410361866838817,run_1
1008,2,Grandfather Clocks,neutral,-0.1868389658908414,-0.1868389658908414,run_1
1008,2,Impatient Billionaire,positive,0.3525882540037213,0.3525882540037213,run_2
1008,2,Natalie Wood,negative,0.091334791743,0.091334791743,run_2
1008,2,Sea Ice,neutral,-0.5468823849844046,-0.5468823849844046,run_2
1004,1,Pool Party,positive,0.4227430481025791,0.4227430481025791,run_1
1004,1,Sea Ice,neutral,-0.6124918724548309,-0.6124918724548309,run_1
1004,1,Natalie Wood,negative,0.1035010184824908,0.1035010184824908,run_1
1004,1,Grandfather Clocks,neutral,0.0059766415215679,0.0059766415215679,run_2
1004,1,Impatient Billionaire,positive,-0.1074517049308842,-0.1074517049308842,run_2
1004,1,Dont Look,negative,0.005151524894851,0.005151524894851,run_2
1044,2,Dont Look,negative,0.0101496804127712,0.0101496804127712,run_1
1044,2,Pool Party,positive,0.1263089238158412,0.1263089238158412,run_1
1044,2,Grandfather Clocks,neutral,-0.1228004127047774,-0.1228004127047774,run_1
1044,2,Impatient Billionaire,positive,-0.6184220615617344,-0.6184220615617344,run_2
1044,2,Natalie Wood,negative,0.083520725848632,0.083520725848632,run_2
1044,2,Sea Ice,neutral,0.2953510779885633,0.2953510779885633,run_2
1012,3,Sea Ice,neutral,1.0744308283215966,1.0744308283215966,run_1
1012,3,Dont Look,negative,-0.2970340978925647,-0.2970340978925647,run_1
1012,3,Impatient Billionaire,positive,-0.6451952271717967,-0.6451952271717967,run_1
1012,3,Natalie Wood,negative,-0.1350642124979017,-0.1350642124979017,run_2
1012,3,Grandfather Clocks,neutral,-0.0673235242016897,-0.0673235242016897,run_2
1012,3,Pool Party,positive,0.3934377967887016,0.3934377967887016,run_2
1019,1,Pool Party,positive,-0.1262096981475131,-0.1262096981475131,run_1
1019,1,Sea Ice,neutral,-0.5613097459790876,-0.5613097459790876,run_1
1019,1,Natalie Wood,negative,0.3324219624306912,0.3324219624306912,run_1
1019,1,Grandfather Clocks,neutral,-0.6179875839606506,-0.6179875839606506,run_2
1019,1,Impatient Billionaire,positive,-0.3854139596940626,-0.3854139596940626,run_2
1019,1,Dont Look,negative,0.6223685051519523,0.6223685051519523,run_2
1017,2,Dont Look,negative,0.2974441080213388,0.2974441080213388,run_1
1017,2,Pool Party,positive,-0.7284802597564753,-0.7284802597564753,run_1
1017,2,Grandfather Clocks,neutral,0.115385846915025,0.115385846915025,run_1
1017,2,Impatient Billionaire,positive,0.4126125675121639,0.4126125675121639,run_2
1017,2,Natalie Wood,negative,0.2552724600666385,0.2552724600666385,run_2
1017,2,Sea Ice,neutral,-0.841669680160237,-0.841669680160237,run_2
1001,1,Pool Party,positive,0.6124960199432081,0.6124960199432081,run_1
1001,1,Sea Ice,neutral,-0.4498522494543358,-0.4498522494543358,run_1
1001,1,Natalie Wood,negative,-0.6662285450311884,-0.6662285450311884,run_1
1001,1,Grandfather Clocks,neutral,-0.4605310596886736,-0.4605310596886736,run_2
1001,1,Impatient Billionaire,positive,-0.4010900277606125,-0.4010900277606125,run_2
1001,1,Dont Look,negative,0.4926249061892506,0.4926249061892506,run_2
1006,3,Sea Ice,neutral,-0.1667429363278883,-0.1667429363278883,run_1
1006,3,Dont Look,negative,0.1298380531968705,0.1298380531968705,run_1
1006,3,Impatient Billionaire,positive,-0.0758241463821991,-0.0758241463821991,run_1
1006,3,Natalie Wood,negative,-0.0430975472511371,-0.0430975472511371,run_2
1006,3,Grandfather Clocks,neutral,0.2236811803015146,0.2236811803015146,run_2
1006,3,Pool Party,positive,-0.2315883123529326,-0.2315883123529326,run_2
1016,1,Pool Party,positive,-0.6037315172039568,-0.6037315172039568,run_1
1016,1,Sea Ice,neutral,-0.2371837222446614,-0.2371837222446614,run_1
1016,1,Natalie Wood,negative,0.3700282225618235,0.3700282225618235,run_1
1010,1,Pool Party,positive,0.8873978467753663,0.8873978467753663,run_1
1010,1,Sea Ice,neutral,0.1882097268420927,0.1882097268420927,run_1
1010,1,Natalie Wood,negative,-0.4803663897056657,-0.4803663897056657,run_1
1010,1,Grandfather Clocks,neutral,0.0298865725220994,0.0298865725220994,run_2
1010,1,Impatient Billionaire,positive,-0.25701992945401,-0.25701992945401,run_2
1010,1,Dont Look,negative,0.0788035503348283,0.0788035503348283,run_2
1040,1,Pool Party,positive,-0.1058529322394673,-0.1058529322394673,run_1
1040,1,Sea Ice,neutral,-0.0525642023811662,-0.0525642023811662,run_1
1040,1,Natalie Wood,negative,0.0802896672610002,0.0802896672610002,run_1
1040,1,Grandfather Clocks,neutral,-0.3465272969481501,-0.3465272969481501,run_2
1040,1,Impatient Billionaire,positive,0.1199048334790935,0.1199048334790935,run_2
1040,1,Dont Look,negative,0.1901135716505677,0.1901135716505677,run_2
1003,3,Sea Ice,neutral,-0.0117892265563118,-0.0117892265563118,run_1
1003,3,Dont Look,negative,-0.0063665500085812,-0.0063665500085812,run_1
1003,3,Impatient Billionaire,positive,0.0377167659962024,0.0377167659962024,run_1
1003,3,Natalie Wood,negative,-0.1577049095024686,-0.1577049095024686,run_2
1003,3,Grandfather Clocks,neutral,0.085979835274803,0.085979835274803,run_2
1003,3,Pool Party,positive,0.2034116680377494,0.2034116680377494,run_2
1043,1,Pool Party,positive,0.3576167398231253,0.3576167398231253,run_1
1043,1,Sea Ice,neutral,-0.2616697955138874,-0.2616697955138874,run_1
1043,1,Natalie Wood,negative,-0.045713309675584,-0.045713309675584,run_1
1043,1,Grandfather Clocks,neutral,-0.2281706570719997,-0.2281706570719997,run_2
1043,1,Impatient Billionaire,positive,-0.0489089548681435,-0.0489089548681435,run_2
1043,1,Dont Look,negative,0.1859270991841133,0.1859270991841133,run_2
1005,2,Dont Look,negative,-0.432219332341649,-0.432219332341649,run_1
1005,2,Pool Party,positive,-0.0475644395779678,-0.0475644395779678,run_1
1005,2,Grandfather Clocks,neutral,0.5911899325526143,0.5911899325526143,run_1
1005,2,Impatient Billionaire,positive,0.1697490628009351,0.1697490628009351,run_2
1005,2,Natalie Wood,negative,0.2505744401946911,0.2505744401946911,run_2
1005,2,Sea Ice,neutral,-0.6013137637484021,-0.6013137637484021,run_2
1013,1,Pool Party,positive,-0.4518372130734636,-0.4518372130734636,run_1
1013,1,Sea Ice,neutral,-0.2211008425062241,-0.2211008425062241,run_1
1013,1,Natalie Wood,negative,0.3063086481666278,0.3063086481666278,run_1
1013,1,Grandfather Clocks,neutral,0.2744644313048189,0.2744644313048189,run_2
1013,1,Impatient Billionaire,positive,-0.0970563441248584,-0.0970563441248584,run_2
1013,1,Dont Look,negative,-0.1772655279939996,-0.1772655279939996,run_2
1018,3,Sea Ice,neutral,-0.440475410352108,-0.440475410352108,run_1
1018,3,Dont Look,negative,-0.1765919126930317,-0.1765919126930317,run_1
1018,3,Impatient Billionaire,positive,0.8665963211940582,0.8665963211940582,run_1
1018,3,Natalie Wood,negative,0.0791343500856464,0.0791343500856464,run_2
1018,3,Grandfather Clocks,neutral,-0.3143468374827118,-0.3143468374827118,run_2
1018,3,Pool Party,positive,0.2463052859836604,0.2463052859836604,run_2
