TR,pupilSize
1,10.51666523278739
2,-39.10482321328352
3,0.5159801961382354
4,-31.082450371714145
5,-85.22326144219868
6,11.035899584610501
7,105.95901947617644
8,35.665635026703036
9,-50.19497136011716
10,-34.664217799241335
11,-1.5117938899998125
12,0.8402641206057087
13,15.738963619686848
14,30.18903028733343
15,23.594520792152657
16,0.9067143833044162
17,-41.812912001946664
18,-77.866111590995
19,-37.07358099774427
20,58.78632818692674
21,87.70946427768672
22,16.512329670491805
23,-28.89723384446563
24,-16.747857435502638
25,11.649811033254876
26,18.579864889424176
27,-14.215710129488539
28,-42.533956742684154
29,-50.5329805757395
30,-38.03848582627018
31,30.139816492371015
32,99.9833588797151
33,79.81721293215129
34,4.947257200613793
35,-69.6325859370303
36,-76.29455030974188
37,-25.36897584069142
38,4.601169796813348
39,8.11971274094782
40,22.6963275967741
41,36.38680946686705
42,63.35899764608627
43,56.32105141779246
44,-50.91381500134544
45,-148.95707343604218
46,-93.93620396521061
47,41.39154048082665
48,116.70118126930831
49,100.41563543772256
50,31.60806901472794
51,-70.40224256998648
52,-123.36499387933735
53,-36.20181471754076
54,73.97132962496002
55,93.28407269714496
56,37.695275447987186
57,-68.83763079113105
58,-118.18387354123438
59,-1.8233189923189697
60,66.54469644088326
61,28.105043087535837
62,41.646803225803595
63,21.733406238490666
64,-86.94393377787117
65,-81.912871247521
66,44.42625133000556
67,90.95651216598874
68,64.0137790372301
69,6.207186148972079
70,-110.21853249711259
71,-138.00291710747283
72,10.184754424467698
73,114.7338944681387
74,53.1336153130061
75,7.5267392701767575
76,45.82846379575679
77,9.028749363169455
78,-84.65647657574638
79,-126.30006258238369
80,-57.26537911388778
81,83.2903631183623
82,160.13323918292784
83,75.3439378502245
84,-63.50117518665827
85,-99.33779021422052
86,-71.08739798274345
87,-36.47086759802795
88,41.14564273748693
89,127.97143813878279
90,98.95830117372186
91,-28.12547689748796
92,-144.20803287258582
93,-140.50712863618492
94,15.918766222391916
95,152.715578858597
96,109.9079435609646
97,-36.210797179840455
98,-61.9683402738109
99,-11.135432366685063
100,-43.78361472047247
101,-59.773463889836506
102,58.51407797950639
103,105.63612854402031
104,-22.451654156254666
105,-55.349203350557495
106,29.291662481957008
107,8.277419793933936
108,-48.44949994807765
109,-12.082867775687486
110,19.02515463015709
111,-8.867812921675553
112,-18.733696799894336
113,48.844486930132746
114,93.10457012963107
115,19.593359539879433
116,-109.15866385104029
117,-113.43201102830317
118,26.529295231100182
119,44.36180366691846
120,-26.49395104052103
121,16.876535226076047
122,99.55837905589846
123,81.9635651333982
124,-10.875630687443328
125,-91.77053026646232
126,-107.88249501868385
127,-70.18901447172189
128,-1.7372059136486178
129,84.16578792542415
130,115.82073612186748
131,36.35458929965736
132,-36.77681502790911
133,-8.87152112968765
134,26.891980922666733
135,-18.871483855983534
136,-121.00023861481111
137,-127.82051047260693
138,14.084785981764517
139,135.86332281702042
140,146.61555661420476
141,102.93302128689245
142,-7.557574273858324
143,-171.83012263655021
144,-191.6028315109213
145,-32.98754126360391
146,73.6261220133176
147,78.70612368606231
148,123.27809051013669
149,147.34622995614183
150,-38.96913402480939
151,-236.23401273906273
152,-160.80675724595432
153,54.879627486520256
154,154.0966592234436
155,91.20384297895866
156,-11.611019106456094
157,-71.53717844506687
158,-36.94625970273657
159,32.20926305741084
160,9.556889156632161
161,-54.159835541845226
162,-1.3046099381922007
163,60.30897495205509
164,4.49977643910147
165,-27.118694752972555
166,-14.556131212818332
167,-30.234517463103955
168,28.535681655032832
169,108.0829817055434
170,55.16639753030546
171,-92.03750933001798
172,-178.1072926161224
173,-82.82660553917127
174,78.91177304812477
175,159.99265972065916
176,118.50773202160964
177,62.17437091009035
178,-26.044793960553797
179,-194.68132205902714
180,-208.9632292718634
181,-22.151517909057798
182,131.53115703633148
183,147.9265307169956
184,91.17727927251774
185,17.950150544408025
186,-28.400670589245976
187,-42.231793205459304
188,-99.25846655365699
189,-160.68969681476534
190,-41.75160136853177
191,182.61934494685065
192,216.16532649732403
193,-1.684336303545431
194,-146.37706570389113
195,-80.896608204377
196,0.8911392187696271
197,50.678726490797864
198,54.97415827855635
199,-7.3586959162342795
200,-81.66840824625305
201,-96.35066178886518
202,49.26068321973559
203,184.72747624522248
204,91.02048076826838
205,-60.45016853270132
206,-128.99071088932047
207,-132.52544169546113
208,-50.437788008344704
209,52.34960213026809
210,149.21927874300812
211,175.9331465772767
212,16.831312379291916
213,-202.9317226024665
214,-179.99097274983433
215,65.5357573849035
216,170.1513884647011
217,45.332244388691436
218,-111.30381837319065
219,-102.02524527938264
220,46.19518494003936
221,88.22448420895182
222,3.0100735173600577
223,-29.452079802844313
224,17.01679050119681
225,20.793736895379606
226,-28.78745362957667
227,-26.100309082160752
228,-4.205717959654457
229,-15.625520568299779
230,-16.09731603339901
231,27.461045648029096
232,57.179198649962736
233,8.623100488431197
234,-41.42383900835174
235,-4.074312346136069
236,24.17178808038514
237,-14.363741384333284
238,-30.924281596664542
239,15.271998830471619
240,3.384542114458357
241,-48.6635766942952
242,-18.893921085514595
243,38.61882436720318
244,79.88277229263558
245,112.55486087746326
246,12.286727770364948
247,-181.93510935615498
248,-193.42190626096152
249,-7.999976212805178
250,140.12063955726495
251,136.86253710015373
252,69.44405343780807
253,3.8312082325523793
254,-76.85672423810269
255,-122.90893046454558
256,-59.22425373002114
257,54.64142034694006
258,66.76553600832068
259,10.25762941629019
260,-4.33222892084717
261,3.7155523968132984
262,24.326084158513403
263,13.225587321996631
264,-42.68698818726658
265,-57.304441954602375
266,-21.47341584820705
267,6.068871549758601
268,48.545287736346154
269,108.22385874517374
270,69.4436869312627
271,-68.03068792712548
272,-184.86245296680792
273,-130.88592532241466
274,69.42397065787388
275,196.38580658456266
276,123.82429543895783
277,-15.158413866416845
278,-97.4187193325521
279,-133.70158407544162
280,-77.37092398316393
281,82.76882993835665
282,117.71158461374485
283,-5.728842217960157
284,-15.92875037760633
285,71.4283799889324
286,5.18300436768895
287,-144.6991376169964
288,-108.14561040282665
289,45.275600349105005
290,111.78109837103698
291,84.69395080155353
292,2.062621895744867
293,-68.15653699119983
294,-40.01014358097042
295,16.172362547093773
296,28.824404856459097
297,10.582961656181185
298,-57.2377917593802
299,-119.31612250879004
300,-6.350717291468682
301,189.63823616562618
302,149.2854247748948
303,-65.1767215198424
304,-150.7290352966721
305,-58.32425351678475
306,69.98717999618383
307,45.787816984077246
308,-83.77538008227812
309,-46.73036609860313
310,94.17066489501192
311,104.01941550176703
312,-19.315001842346614
313,-91.90423486708971
314,-25.035095744518134
315,34.5742542269013
316,-9.387143728430537
317,-42.27536066578786
318,29.614111817415097
319,81.34315834085324
320,14.337035876687128
321,-60.030727373466
322,-27.037690743059102
323,10.097751001647318
324,-24.915693627253358
325,-36.94114820574899
326,39.215958646202004
327,83.10238267110306
328,19.335564321526284
329,-74.93956582194727
330,-62.985446684917754
331,20.74746298629173
332,42.15370431677216
333,22.790924951760676
334,11.121253026971127
335,-16.398483722323075
336,0.45494240187953516
337,29.132671391059738
338,-42.407439942107786
339,-94.30753225203023
340,-8.97770689102981
341,51.57643426038285
342,38.77899890350779
343,70.36015926408307
344,69.99823825906917
345,-52.33956871206103
346,-129.00432833292163
347,-45.760659004738145
348,23.74177474373649
349,26.00639773737367
350,89.0173393746863
351,128.99011631689157
352,-42.31388049810637
353,-247.29012516941606
354,-133.27370204878892
355,134.23239081741795
356,205.6938776258328
357,48.63925204201292
358,-70.99917743358859
359,-24.306868181954606
360,21.15847433013083
361,-68.75729090564647
362,-127.81639154785523
363,-23.91595175066459
364,91.63090531483371
365,127.1194093256653
366,85.6570450742741
367,-16.44235315007364
368,-123.50582898991695
369,-132.6489581731883
370,2.706038431784308
371,105.61309727552133
372,58.88054260288026
373,-13.741448742747531
374,-14.113405246067625
375,-3.0740687900152124
376,16.27316752260773
377,20.54716737507422
378,-61.08688149745469
379,-96.25864514184863
380,11.64713706955098
381,119.66935963444716
382,63.34752198721175
383,-48.61641318464
384,-47.28607031212821
385,-6.911782180992147
386,3.1695078534519734
387,31.301116820794487
388,25.149522889284192
389,-48.1774428518941
390,-68.89881602294957
391,-11.758611576875014
392,36.684672016871126
393,101.3155323178055
394,117.61056797048913
395,-48.13829557295894
396,-186.68034882193933
397,-95.77164853582204
398,27.20022363712975
399,88.57273108306981
400,126.84690587942436
401,65.2492626229386
402,-56.503298114972864
403,-97.51163368379312
404,-34.64229692148138
405,-5.704783191467729
406,-17.543897795987743
407,18.978149751176634
408,33.8457292061162
409,-0.63201239057521
410,2.0200146377888415
411,59.892281174631556
412,75.53004170184475
413,-4.245296838448399
414,-131.25459745321183
415,-155.4523402861328
416,12.421134603801494
417,106.06236862871361
418,40.09458606840665
419,54.746566496015774
420,101.68889904705591
421,-8.684606981352205
422,-149.22991861143973
423,-98.68977611581158
424,29.491050139156695
425,32.69740615633036
426,6.476795173030151
427,50.10105770203945
428,35.48906552748004
429,-21.536822268209544
430,-11.958374761968463
431,7.681227002123673
432,-19.77293512914014
433,-50.794034237098536
434,6.820883356415816
435,86.01434475904122
436,29.478888288505978
437,-83.80095082351359
438,-99.86652824082297
439,11.615674411953256
440,107.7923793178179
441,77.55656360802493
442,7.405655020633734
443,-41.970812107683805
444,-67.06811335590352
445,-37.99837927432985
446,3.454486455532225
447,17.082168174752454
448,-14.610909306010262
449,-16.34243544167082
450,74.95783845888305
451,106.24565383900774
452,18.832440431163317
453,-73.26480150994902
454,-122.31799898351672
455,-88.90840478464031
456,25.86102801853909
457,105.40756070218207
458,68.44511685118533
459,16.151877679349727
460,16.862617362005413
461,-14.945518852328169
462,-79.59216971934524
463,-73.39753069484239
464,-2.0966715102380338
465,40.46998419207493
466,33.85991265767443
467,49.81651547748626
468,44.83323477436113
469,-48.26906910058361
470,-77.73907940698064
471,5.864180537660934
472,39.706965779550465
473,-5.1036765208220585
474,-3.2289201411577553
475,32.888195198483885
476,11.024966151736823
477,-57.23635002484143
478,-79.1520100110965
479,27.1584280702878
480,138.07799615508083
481,54.48605475645227
482,-117.49743571301047
483,-102.19259403318794
484,76.56218942014287
485,129.00471487049674
486,-66.18145689913378
487,-174.31714513479477
488,-18.252203290582226
489,151.0265717078042
490,141.9049045404372
491,-10.217898786085966
492,-131.2621622215773
493,-80.6188616143716
494,25.679766171910888
495,35.9287940030525
496,4.589930608650564
497,17.3134907112052
498,31.492964435034803
499,-15.683687784724807
500,-43.16349349859948
501,14.7229588910433
502,59.570461400180534
503,4.811967265209051
504,-86.45048691244517
505,-76.65289550876602
506,31.655993512805658
507,105.88404670359759
508,57.801608100371986
509,-17.35263775556757
510,-58.67594226783632
511,-64.1062994322499
512,-24.986061914781008
513,27.65421446887941
514,61.75530250390084
515,57.49909929361426
516,-0.6326966971276051
517,-68.80801549546716
518,-54.739017500659976
519,-8.948721818967975
520,24.318411568012415
521,33.050268711339875
522,28.237010070553197
523,38.47303984062273
524,20.326818235344227
525,-51.49523226320257
526,-93.98982463669584
527,-44.27144536220186
528,36.9373470846787
529,92.48680694383951
530,70.0904259868207
531,-26.301254450546395
532,-107.62392929857549
533,-64.5863168789353
534,81.12468061767535
535,151.66939788863812
536,5.479655353890044
537,-162.9453132297756
538,-97.14938899046447
539,49.651978173136264
540,67.94117193401594
541,52.47138603827694
542,16.09508215689497
543,-74.11368324596697
544,-50.79068285273442
545,85.35513025810606
546,95.92690931941657
547,-47.07805349760384
548,-100.68585601965735
549,-18.091932148994587
550,17.749399001394085
551,-10.478264297632471
552,-15.758280920707923
553,37.38788121330067
554,94.5478323688679
555,16.898122201167777
556,-98.03507633120263
557,-34.32446438659111
558,66.37114437966304
559,23.013541359913432
560,-69.04432622631283
561,-43.997574487478076
562,36.52400926258712
563,36.76226164428736
564,-0.4053432913400146
565,0.9929717272233373
566,21.289916007591557
567,-14.010628647323895
568,-55.720044296278935
569,-10.258851046797474
570,72.39948085200433
571,67.88132936589086
572,-41.888597941525425
573,-107.72296621734678
574,-42.834836500812116
575,64.74148817088519
576,85.86913143033732
577,34.8723874717959
578,-5.0486821988745385
579,-67.84120688330454
580,-99.09362793423911
581,-23.507911072793
582,64.47175666365553
583,100.33139537926229
584,38.06939251825003
585,-42.212693192562085
586,-41.606172484597955
587,-27.642610847087763
588,-48.5111225153872
589,29.33305822867045
590,136.21825668804445
591,-3.9924434806837157
592,-176.10656289312072
593,-48.751619601791134
594,112.79815439910195
595,67.83573098839913
596,-28.158336274205148
597,-1.1420236317286778
598,73.76313031880538
599,46.64914480513901
600,-99.29409904646069
601,-220.93002398689492
602,-114.35884916107656
603,162.48021355353023
604,287.0556496096459
605,125.26809024557667
606,-98.98869994675157
607,-186.3628048982424
608,-120.47148806114922
609,5.1902474731154555
610,74.22178103484269
611,14.77139982461574
612,-29.42232524347354
613,80.86511486098857
614,118.71010034314945
615,5.4492982878669975
616,-81.60380237169154
617,-102.31904986713575
618,-97.64252493564304
619,-27.755013899879437
620,92.9833148021617
621,134.2204307552878
622,71.76472256083213
623,7.11941476962709
624,-72.3283874817584
625,-128.46514947665506
626,-57.426664666583356
627,53.30463571780596
628,54.77940567574404
629,-0.948280301033223
630,15.361364672817365
631,54.64515253832348
632,12.121412872216727
633,-36.19001428805881
634,-24.856339809013726
635,-45.48142362507874
636,-45.845891376550696
637,27.474870024782152
638,58.50090227555646
639,24.808394680291737
640,26.4475619470594
641,8.874679999972766
642,-89.01936149266092
643,-97.86767603427835
644,60.20700423547225
645,114.46510099692279
646,55.88436571414642
647,37.06985618128025
648,-84.8493897378501
649,-213.93847524656846
650,-99.25853417615322
651,105.12832053414348
652,170.48016904818647
653,139.13305274344694
654,67.67898414981373
655,-66.22228277182528
656,-151.4147969770887
657,-134.19331447185834
658,-86.12627337430868
659,-7.163444411561391
660,104.34989163227549
661,180.61932437197996
662,148.19183260663476
663,-8.336503867965881
664,-121.64432583385593
665,-108.31991283549756
666,-101.68713979347973
667,-62.636592292358
668,98.64826710791914
669,128.68015117996055
670,-22.947804306159213
671,-16.350599609765183
672,57.67675095036141
673,-62.134780211681125
674,-38.16188822058485
675,171.01646544944
676,26.033198657837623
677,-256.63182234129374
678,-106.80656279296021
679,162.8194128369759
680,103.9554165097737
681,-60.647843201797514
682,-34.5997705153505
683,53.42912938996229
684,26.14413167576565
685,-4.610861309336462
686,63.10315088757694
687,44.20266171709261
688,-133.77354152853803
689,-245.19920019476967
690,-85.44266853568374
691,221.6047883074769
692,275.8202683844859
693,25.52541795199158
694,-113.99829550937301
695,-11.377169288121793
696,10.00131978776962
697,-120.85979164429564
698,-140.70654520025016
699,-50.06863319577616
700,73.55220532179358
701,226.00041359591413
702,189.57576063598677
703,-52.6970101179495
704,-204.60088108268639
705,-139.6775158630116
706,-1.9095785173475721
707,86.5307760062289
708,89.61573637857383
709,37.271917702992
710,-22.986692050672055
711,-57.64625905818849
712,-43.783537812245754
713,9.397005308096485
714,38.310934084800564
715,2.478646205119023
716,12.97287735030865
717,25.71062233362188
718,-32.35613682003737
719,-29.577901388850268
720,28.280495774149596
721,-1.6190700162926663
722,-42.51814333957902
723,36.359365740103506
724,72.62561002096055
725,-35.1064476272061
726,-112.22565164828193
727,-34.35996033036823
728,87.51807795449481
729,108.73566558643508
730,17.11645250643613
731,-69.47697810136526
732,-23.54308943574136
733,-2.0974530646462424
734,-88.20418252167569
735,-34.345110992804464
736,125.8171046947904
737,113.84598043186452
738,-66.51233722268358
739,-132.70629891796438
740,-10.150428907321412
741,91.07341007146353
742,77.5105186007394
743,24.619784556793693
744,-46.06777198008918
745,-125.21160682479108
746,-80.73239322098652
747,60.664928739242775
748,101.72576788431884
749,44.80331394708457
750,18.06396572297739
751,-3.726952867468847
752,-59.15717058948806
753,-49.66727410436618
754,-20.788234401258112
755,-13.127225644941463
756,17.039839672910038
757,60.584384097168886
758,54.74044449374209
759,6.322978290893465
760,-49.869647757458786
761,-65.81913228920313
762,-9.845112295936142
763,33.56305562580826
764,29.120500409740043
765,26.69736101525498
766,3.6391047377952326
767,-31.798873170016087
768,-25.594121162061345
769,-2.619482963009928
770,-17.40516677082275
771,-26.366325351073097
772,61.62487277047773
773,103.18871520653873
774,-12.401585034813586
775,-77.67527083576556
776,-23.186380915907524
777,-40.788883934160374
778,-83.59433025177078
779,17.194973387455438
780,170.28614332008752
781,156.78946809556095
782,-41.722318448642035
783,-183.04352810697847
784,-115.76718615320908
785,31.369058596214323
786,71.29880636099894
787,28.942316092067827
788,33.039131371697465
789,12.135051647591022
790,-24.615223680349384
791,-14.380703966109083
792,-13.824988869071396
793,11.877830256941762
794,49.74208235052193
795,-30.47748890607219
796,-129.5011516388427
797,-45.49254992452334
798,127.39647719075003
799,161.1555320523248
800,68.46801976053816
801,-74.36605294915385
802,-231.22028919842703
803,-158.68724436496782
804,146.42164271927126
805,218.06262089944684
806,-12.514788557919346
807,-111.28826226170071
808,2.006115739181661
809,76.50791278993107
810,20.822673061517197
811,-69.32871409101847
812,-97.88051390271086
813,-3.3411933882092204
814,108.15654038775749
815,57.36551110858762
816,-63.96182195096937
817,-51.03762295216616
818,34.88068602337469
819,31.885746899117102
820,-11.467534048515153
821,-25.58942363919743
822,-17.793345611388165
823,18.766922901306888
824,29.453797627713538
825,-7.50250007950805
826,-8.300181762519014
827,1.484938272340886
828,-18.68511836560498
829,-1.42966591914155
830,28.202136119263344
831,9.170455092404362
832,-29.585905984921137
833,-12.264578417489036
834,23.350175654456077
835,25.667745820155556
836,-13.629602615074306
837,-62.84699517301183
838,-27.000191816660227
839,59.45739630755539
840,65.87644832343418
841,24.323756938839747
842,-18.18541251662244
843,-82.59089151336475
844,-45.2594516630383
845,62.35707788538385
846,48.08200995192043
847,-33.31159426661518
848,-58.69910435246384
849,-27.96874111937395
850,51.44041126137018
851,93.1680290269333
852,19.01385238364417
853,-36.367772100778744
854,-9.542894443801144
855,-27.932036597267615
856,-52.71928621523273
857,-9.127664601424263
858,-27.21380853574422
859,-0.1937545528289739
860,108.5119309261748
861,71.93889867043704
862,-52.669991572382884
863,-44.64924728841893
864,32.66106433267158
865,6.125124157413175
866,-66.24047434986305
867,-63.89684630200684
868,25.11175469311656
869,132.9957536700713
870,57.25271118398258
871,-169.95293865907027
872,-158.62014521181297
873,107.67148591999947
874,233.6078605155598
875,92.51062273046388
876,-127.76139477252049
877,-183.0823532745741
878,-85.96880350203577
879,27.69159018511908
880,76.75310481217426
881,79.0705449139482
882,78.09108735528424
883,49.381099881120356
884,-28.886592964011147
885,-94.79776921306897
886,-112.72741969850969
887,-43.45304996096157
888,17.168289608135797
889,26.190435348239305
890,107.17421253315366
891,126.42040868159437
892,-14.039144271209672
893,-83.9357865118069
894,-50.881694729326526
895,-76.79434104927213
896,-19.274904619112064
897,93.09061055016514
898,62.14492219962664
899,-36.221305355259595
900,-36.12413474057741
901,25.388729462165106
902,13.954123880990362
903,-24.9420470187685
904,-9.108320650932628
905,19.11005225378403
906,15.004714594053098
907,-28.632358457153668
908,-27.165235059601493
909,34.33034223614405
910,19.42945374125696
911,-33.176391592445135
912,-8.099397256510064
913,31.609582435570328
914,73.73850708388537
915,49.911175212432795
916,-129.1975779510898
917,-194.86715464239717
918,-5.0776157922263065
919,169.9403862706567
920,146.88484276244466
921,36.66705377309418
922,-21.312522447984808
923,-113.65522736138497
924,-187.7549479081683
925,-11.517454016201157
926,208.66826236402804
927,122.78110988260997
928,-103.14784710830288
929,-137.21418463878354
930,-1.4742477334711237
931,95.31231003120534
932,72.42665354790209
933,-13.559296603936794
934,-78.4115427206338
935,-73.69120375915662
936,12.026956571271276
937,107.83517877782224
938,83.98496455759084
939,-46.45863268442225
940,-127.10839168381551
941,-52.45699517818362
942,49.79558299061597
943,33.72078215641695
944,16.674780243751293
945,53.94351268272585
946,71.76318282024936
947,18.918248183959992
948,-90.31196253400172
949,-146.39833430887293
950,-87.95127170558082
951,42.96594958125762
952,147.99221075356473
953,108.19066985670212
954,-5.761929328303112
955,-28.298039626675667
956,-5.0036040904408825
957,-68.23810045432975
958,-100.79693457454603
959,-35.78667280160369
960,64.44304743617813
961,147.19935483488388
962,73.76762793038255
963,-84.44905874736696
964,-135.97465834792175
965,-83.27024508190043
966,52.508718569953565
967,187.90755733922316
968,121.15326060584415
969,-84.65317090174453
970,-173.41239516941056
971,-82.65128210365036
972,4.0375626548441605
973,47.89420547638904
974,112.96198112800211
975,96.19244339199801
976,-20.018864813104372
977,-73.98644146018108
978,-27.339317770813274
979,-2.7841212058085505
980,-39.250180214714305
981,-61.710573193963505
982,-41.5826115504472
983,47.66510946318778
984,194.93374643827826
985,192.61351787836307
986,-84.0998710691045
987,-287.2386306864868
988,-172.25245528816998
989,50.73691100632953
990,177.2329280368756
991,163.3032448791656
992,22.122897427358726
993,-116.51480972788025
994,-116.11444582081593
995,1.5362228508457172
996,66.45824005536076
997,11.570623854286659
998,-22.203731024742883
999,25.625409785238233
1000,30.26683586254714
1001,-36.60513460190921
1002,-52.85142208891981
1003,3.1462255578454132
1004,44.71284018955045
1005,32.18150159718648
1006,8.624335183318664
1007,8.735729721051758
1008,-29.22266087096448
1009,-78.717237969045
1010,-56.67949521970669
1011,33.910014768539504
1012,112.07438442686781
1013,74.35617930382709
1014,-36.56586426702581
1015,-66.01868591301977
1016,-13.43297806253757
1017,7.409918953572061
1018,6.556849619062668
1019,18.91093594580627
1020,-59.515912169318234
1021,-155.21842194453617
1022,36.806099148414496
1023,305.57868617489584
1024,112.42352146712234
1025,-176.87366235836595
1026,-139.65156184929026
1027,-21.619433157129418
1028,-13.23485659063399
1029,-11.417365378670285
1030,76.10278458977457
1031,125.40669882480455
1032,17.92854691997643
1033,-98.59232257060013
1034,-83.98956829667713
1035,-15.533263701580365
1036,41.55610273626523
1037,67.51056442130368
1038,25.850165530800673
1039,-45.166038318044116
1040,-52.003639510839214
1041,13.553253397065184
1042,38.816458479983424
1043,-12.255235479728222
1044,1.8721051628563135
1045,58.00416274257176
1046,-15.446631395763074
1047,-105.85984743620422
1048,-38.89197793885209
1049,65.77302766102096
1050,79.81066956694019
1051,29.95260209508021
1052,-36.783460624769596
1053,-85.826442354655
1054,-47.99461201067823
1055,72.38008906282441
1056,134.63914869604153
1057,17.695632317365384
1058,-130.21261803707606
1059,-121.32557846152866
1060,-8.603085122144991
1061,62.44432941693087
1062,88.34587930649714
1063,77.21226426210919
1064,29.735189426935722
1065,-37.29269009616709
1066,-101.60112007160824
1067,-91.67425906585805
1068,-4.213935328440685
1069,58.75728905648818
1070,30.068679062707883
1071,-15.853660435734684
1072,63.862492677425195
1073,143.19641942961493
1074,-0.7217192823338578
1075,-179.38300877667268
1076,-151.11981882690156
1077,-41.37153210235487
1078,68.01286211901134
1079,174.83582596600587
1080,173.33066140204474
1081,-39.25630209539102
1082,-230.84251554919823
1083,-86.2221243618836
1084,145.98673895466968
1085,48.89828147890382
1086,-141.13583986496474
1087,-19.237208008896022
1088,183.9508068556415
1089,48.35611600175844
1090,-165.9421530516783
1091,-64.83410269320159
1092,73.90657019764187
1093,68.47161992162606
1094,48.74176613840144
1095,-28.392619223265406
1096,-102.78925698812873
1097,-14.10021874425866
1098,70.36580379864091
1099,-27.332847072690466
1100,-48.509096022003455
1101,79.01522140608813
1102,37.0230244423044
1103,-73.22770351034133
1104,-6.744495845715189
1105,50.46186294419359
1106,-5.390211024750195
1107,-21.713885146680852
1108,53.01148841844657
1109,58.72366987754318
1110,-113.46052560254545
1111,-167.10230486613847
1112,28.206739914805336
1113,159.87251611542604
1114,78.46840025873284
1115,-8.145508537228745
1116,-31.22551138039275
1117,-86.213622633087
1118,-50.59533372936143
1119,77.03082551588018
1120,72.28682675318306
1121,-40.64266328073822
1122,-64.9253874329318
1123,-2.9294544224698837
1124,22.05613081280855
1125,4.409998172758701
1126,-6.761583430728496
1127,16.66692143314905
1128,49.15169928038214
1129,35.588010924340615
1130,-22.94621256392155
1131,-82.5365911887095
1132,-67.29226706490822
1133,7.220102177411426
1134,56.81210054564836
1135,87.78265629143381
1136,69.04905248075022
1137,-83.91459187102778
1138,-165.59642357858243
1139,-13.876237089793808
1140,154.89464535071914
1141,124.40189243879578
1142,-38.6039384298394
1143,-124.66424356821979
1144,-61.844795134811164
1145,25.55624555192439
1146,31.631142005593297
1147,14.641712515697886
1148,11.187342077497934
1149,3.462016300598874
1150,22.161535797788233
1151,41.157710214210745
1152,-4.172596338798426
1153,-43.95003691088778
1154,-53.9205738183856
1155,-47.76848579348314
1156,-14.419042920102386
1157,62.25865332789789
1158,119.08704839010818
1159,23.289909375395112
1160,-134.4199587053623
1161,-66.04557504354817
1162,166.5067106626236
1163,104.32936000134423
1164,-191.59290744914696
1165,-189.76243204143876
1166,49.09569311641494
1167,133.47719748689747
1168,117.1670059502975
1169,85.07154725898704
1170,-54.10067633582728
1171,-156.17969544657953
1172,-76.0199133942029
1173,15.537824547588732
1174,47.30804436819093
1175,36.65732455030342
1176,-4.931745495157777
1177,12.527688775103174
1178,59.87693795963146
1179,32.66685549513159
1180,-1.3598533342440833
1181,-57.31692674763557
1182,-137.9999532633231
1183,-67.67819221321356
1184,91.69187207879915
1185,137.30856254246444
1186,59.867790141852964
1187,-26.48625458356937
1188,-87.62798006997768
1189,-82.01064070298928
1190,8.919899291880073
1191,71.44420065808497
1192,48.60845386956258
1193,-23.922511079997243
1194,-52.37409896606354
1195,21.648831586980677
1196,40.619098500247325
1197,-34.71067191233584
1198,-51.58773417002908
1199,0.2530432738713983
1200,44.31975489049267
1201,65.19338533188618
1202,48.34829726576219
1203,-53.423533991939486
1204,-139.86582860895447
1205,-55.45033996588925
1206,89.05505889229039
1207,95.96406764141184
1208,15.989317726194914
1209,-20.444867369739086
1210,-9.571736092750525
1211,-3.185888455920777
1212,-17.92164057450428
1213,-27.21713460379874
1214,-41.55835487484427
1215,-20.74624801401381
1216,56.88990092332096
1217,76.50556948047982
1218,23.232067694569466
1219,-1.749043883818879
1220,-36.389629521106144
1221,-104.39920983706656
1222,-74.85538835195767
1223,76.45916640756874
1224,159.78036499610295
1225,39.463822270916765
1226,-98.34568798600857
1227,-87.40929742282334
1228,-30.22320728725435
1229,19.71758907722497
1230,73.03249385177409
1231,32.902819315706445
1232,-54.41184426778701
1233,-4.886045478936637
1234,90.13884701819974
1235,39.763504305818714
1236,-97.93874050416572
1237,-140.8136109197518
1238,-21.387953383043754
1239,80.69115302318734
1240,85.59950815868883
1241,73.437361058335
1242,11.2037058706015
1243,-51.18228294773951
1244,-64.76162995069444
1245,-55.21992280690902
1246,22.27991678356525
1247,63.691630839207875
1248,-29.675019006090846
1249,-80.12202888672796
1250,36.91873509742604
1251,122.88931677803741
1252,34.91088603776696
1253,-98.32984167538922
1254,-66.00773726545947
1255,46.77914567886713
1256,53.440314526071624
1257,-14.803566990538425
1258,-45.998633343308654
1259,-22.584808982110022
1260,-16.282176541862498
1261,-14.555650282489339
1262,53.06022171674499
1263,91.76172786749767
1264,30.068673714873352
1265,-45.66051976267649
1266,-67.83798428320823
1267,-41.049737818170044
1268,-0.303913263163612
1269,28.039028423636264
1270,15.595234913449644
1271,-19.55549252971753
1272,-10.335905045604463
1273,45.09220427546071
1274,67.53824088867096
1275,21.82706349732098
1276,-52.41774964755092
1277,-107.74602226447503
1278,-62.96711899199533
1279,50.35217874922641
1280,95.96224984941875
1281,72.56792198351076
1282,19.724363810707697
1283,-82.2053646211571
1284,-163.18837469994446
1285,-50.8725709635173
1286,157.45965819672767
1287,151.302388078989
1288,-11.98046340276497
1289,-36.73466798591857
1290,16.722763896126548
1291,-90.51734662454108
1292,-193.39273692539794
1293,-44.1882447787493
1294,141.81585205638146
1295,165.3717179935857
1296,113.14461442065534
1297,25.87071766371544
1298,-142.67653113902827
1299,-210.7792583660065
1300,-44.80657172960962
1301,114.1659381259575
1302,154.4078023857944
1303,72.55174716613674
1304,-100.63416162526956
1305,-174.66212749310046
1306,-42.429266697607225
1307,142.89658655445538
1308,159.23291125966304
1309,1.7701117046847683
1310,-132.44967323806938
1311,-116.93870561560978
1312,39.858583472839015
1313,129.96497525637483
1314,-36.65415953428281
1315,-171.04192756729674
1316,33.67017574902103
1317,222.1152136388759
1318,105.78958940360229
1319,-79.43194085567137
1320,-145.59571902494616
1321,-115.83659382359195
1322,-41.950072544871766
1323,30.389785933162845
1324,96.22649099389152
1325,135.6296986214811
1326,65.66886713072611
1327,-46.95410814937338
1328,-68.76359922341665
1329,-34.868569040626376
1330,-51.7757650538795
1331,-93.04413441681014
1332,-17.106392699639933
1333,139.51841017789852
1334,111.76834968547733
1335,-41.27882795366158
1336,-30.287106307839373
1337,35.47818955114329
1338,-32.837247429216696
1339,-75.93977387037572
1340,-9.187642974301452
1341,34.70991575911832
1342,25.63132433537469
1343,13.110318461723397
1344,-14.693448661548732
1345,-20.77397096116038
1346,8.158468362254707
1347,8.793764676883836
1348,4.622166469386143
1349,1.6246888508783957
1350,-10.62196266205098
1351,27.471503548371444
1352,27.953363105366314
1353,-40.93892172899454
1354,-56.50487627864868
1355,-7.793630941651008
1356,38.77791156214388
1357,34.295974175262685
1358,-7.791241994532094
1359,-12.141672564919816
1360,9.55339244579331
1361,-0.1276846496690081
1362,-2.19901804446482
1363,29.890673268856847
1364,5.691848580717067
1365,-67.24756222282375
1366,-72.85574197686744
1367,20.788903741032403
1368,108.41507350302646
1369,64.77916181424357
1370,-60.82398522352325
1371,-95.08986332784936
1372,11.578508801570253
1373,60.70203865175268
1374,36.121055122658206
1375,57.72822635512956
1376,-22.144759033677236
1377,-203.42696909954088
1378,-137.31213851628866
1379,135.99910669732068
1380,224.0043402412988
1381,91.73424738395694
1382,-52.31533231347466
1383,-128.77980527403733
1384,-97.02628195148982
1385,-16.56487808387292
1386,12.148838239181408
1387,18.91739802391648
1388,70.94477966881686
1389,85.33023447044816
1390,10.016291421342476
1391,-43.99998855046512
1392,-46.58217056372859
1393,-52.456383286923185
1394,-50.492800771653606
1395,0.1173364194878637
1396,70.85889119274295
1397,55.8188341740202
1398,-5.2809433746198655
1399,16.02928044313787
1400,54.569445258062515
1401,-15.452356318372656
1402,-109.7490199786916
1403,-113.98663942943377
1404,-15.972911950008113
1405,110.18582521871257
1406,128.13532416375313
1407,43.08917626053496
1408,-15.376867408145936
1409,-64.28733965038701
1410,-127.75547141312431
1411,-99.57645674602502
1412,35.03919947058321
1413,144.25861203490788
1414,136.2722319447596
1415,39.15636893449667
1416,-77.70591512223137
1417,-139.46755241491658
1418,-72.87887977423597
1419,56.07182162626933
1420,47.21191872767511
1421,-41.1837688446118
1422,8.297061326160422
1423,113.21549568469918
1424,51.71144190897814
1425,-87.20471638326413
1426,-85.02778570391331
1427,33.74736515883031
1428,65.93720762243231
1429,-21.65790448188157
1430,-76.2494157008857
1431,-35.68349257126982
1432,28.686509107308616
1433,49.774954629281126
1434,56.48192875142114
1435,58.67648222679187
1436,0.503407178429158
1437,-67.23500693192825
1438,-87.01071426633571
1439,-83.82844992267705
1440,-10.141221605825796
1441,94.30085028666073
1442,101.14076417016005
1443,60.20269971986174
1444,17.204975602919646
1445,-55.02373493669305
1446,-102.02054547890418
1447,-78.60497531667187
1448,-30.149010339475968
1449,46.358880772428655
1450,116.21571207768858
1451,84.72993019709833
1452,-8.072384560452383
1453,-66.80719607751512
1454,-67.71351885607962
1455,-51.18654742640598
1456,-22.88282921212851
1457,60.05668582113747
1458,138.64606448475206
1459,74.93170172166344
1460,-69.64000607776731
1461,-167.42877401115823
1462,-162.85503962143605
1463,28.66440008427987
1464,241.3493723378568
1465,160.7966790464576
1466,-55.529132800835804
1467,-115.62482353285192
1468,-51.32149910198876
1469,-21.555060676257202
1470,-46.25646388893878
1471,-3.3004050314770716
1472,95.22823310688698
1473,87.03804018486203
1474,-26.82863571136006
1475,-81.07962164475498
1476,-8.951386900766712
1477,35.104466851048976
1478,-10.091641376407647
1479,-19.027135330547818
1480,30.248101356643073
1481,42.58167300187518
1482,-16.81594580902156
1483,-72.68030784845106
1484,-39.3515935951092
1485,47.230195896920975
1486,90.95273335459605
1487,15.108988370447651
1488,-85.9801602361763
1489,-59.53722985506917
1490,15.694099706355134
1491,57.66183347137483
1492,75.4074631051536
1493,40.73373382164253
1494,-58.06287313973638
1495,-138.68651625549936
1496,-113.2137961992714
1497,25.332149577178257
1498,179.50372644515795
1499,184.84932506012055
1500,12.07400457114037
1501,-157.83844261525826
1502,-181.72076637702222
1503,-50.849982931329805
1504,95.38808666382755
1505,94.72751612181713
1506,9.139197716337263
1507,36.4408244113929
1508,89.56507637633025
1509,-24.274541502304704
1510,-182.04005303749386
1511,-128.94601110048524
1512,63.823695815445575
1513,150.49056856264758
1514,69.13644032774197
1515,-48.18455955392976
1516,-88.99365207919891
1517,-11.846410314647786
1518,81.19860704327873
1519,32.57830946726057
1520,-53.51258854562229
1521,-29.104315217699806
1522,1.5306488751331984
1523,2.559481649900183
1524,23.01847156321253
1525,15.75704661075048
1526,-29.78420895991173
1527,-38.42242476789935
1528,2.1712660341178607
1529,29.274090716475595
1530,17.714477556386296
1531,-8.416858769826502
1532,14.116579132171477
1533,89.92966745710332
1534,49.81594868498225
1535,-125.3038459599645
1536,-205.75265850304794
1537,-22.92523339522654
1538,198.8459189541165
1539,134.3629745360883
1540,-72.67646312952643
1541,-76.66477142313607
1542,9.248789379764183
1543,9.691679645994302
