subject,group,run,story,valence,spectral_centroid
1041,2,run_1,Grandfather Clocks,neutral,0.052317553342326975
1032,2,run_1,Pool Party,positive,0.04960876658247515
1024,3,run_1,Sea Ice,neutral,0.0745322806864909
1020,2,run_1,Grandfather Clocks,neutral,0.046391732777587256
1038,2,run_1,Dont Look,negative,0.06360271764119897
1015,3,run_1,Sea Ice,neutral,0.05617059358955965
1015,3,run_1,Dont Look,negative,0.05293442832991113
1032,2,run_1,Grandfather Clocks,neutral,0.04583169560924291
1006,3,run_1,Sea Ice,neutral,0.041069355091086675
1034,1,run_1,Natalie Wood,negative,0.06467699713098381
1010,1,run_1,Natalie Wood,negative,0.06160311970682538
1031,1,run_1,Pool Party,positive,0.07515738378047562
1004,1,run_1,Pool Party,positive,0.03426055738000558
1041,2,run_1,Pool Party,positive,0.06165452105534503
1021,3,run_1,Dont Look,negative,0.059258307687623586
1037,1,run_1,Natalie Wood,negative,0.029516202662127466
1022,1,run_1,Natalie Wood,negative,0.05789938556926248
1019,1,run_1,Pool Party,positive,0.06064994794131835
1002,2,run_1,Grandfather Clocks,neutral,0.058863863884564153
1013,1,run_1,Natalie Wood,negative,0.07374618423605077
1037,1,run_1,Sea Ice,neutral,0.02713138538214668
1023,2,run_1,Pool Party,positive,0.05016264204438599
1018,3,run_1,Impatient Billionaire,positive,0.06559693720083236
1012,3,run_1,Dont Look,negative,0.050716353398560336
1042,3,run_1,Sea Ice,neutral,0.07188309204631788
1035,2,run_1,Pool Party,positive,0.0781106802763934
1026,2,run_1,Grandfather Clocks,neutral,0.05712724687601578
1030,3,run_1,Sea Ice,neutral,0.08011721313609461
1032,2,run_1,Dont Look,negative,0.04841623488620749
1034,1,run_1,Sea Ice,neutral,0.050459237558175586
1030,3,run_1,Impatient Billionaire,positive,0.0653412932829597
1037,1,run_1,Pool Party,positive,0.05941087186438833
1006,3,run_1,Impatient Billionaire,positive,0.07008996552235625
1038,2,run_1,Grandfather Clocks,neutral,0.06571429762330186
1031,1,run_1,Natalie Wood,negative,0.043716112447786316
1039,3,run_1,Dont Look,negative,0.046987890231499
1012,3,run_1,Sea Ice,neutral,0.050516201126741364
1016,1,run_1,Sea Ice,neutral,0.050622505344066794
1017,2,run_1,Pool Party,positive,0.06323690047550755
1003,3,run_1,Impatient Billionaire,positive,0.07978000382878508
1017,2,run_1,Grandfather Clocks,neutral,0.05793913750943528
1024,3,run_1,Dont Look,negative,0.056590926718286125
1019,1,run_1,Sea Ice,neutral,0.06065280049016124
1038,2,run_1,Pool Party,positive,0.07047669940776642
1001,1,run_1,Sea Ice,neutral,0.060804193236968423
1043,1,run_1,Pool Party,positive,0.057829680441988794
1020,2,run_1,Dont Look,negative,0.03781820130185311
1029,2,run_1,Pool Party,positive,0.055832015596743126
1045,3,run_1,Sea Ice,neutral,0.06086434654991952
1013,1,run_1,Pool Party,positive,0.08180134485146633
1035,2,run_1,Grandfather Clocks,neutral,0.06122990825324343
1016,1,run_1,Natalie Wood,negative,0.06407854046721502
1027,3,run_1,Sea Ice,neutral,0.05949645313245524
1018,3,run_1,Dont Look,negative,0.07251479363456727
1035,2,run_1,Dont Look,negative,0.07517552222034067
1003,3,run_1,Sea Ice,neutral,0.04824139186161332
1016,1,run_1,Pool Party,positive,0.06095598969818484
1040,1,run_1,Natalie Wood,negative,0.05865067767494318
1029,2,run_1,Grandfather Clocks,neutral,0.05636026009653064
1042,3,run_1,Impatient Billionaire,positive,0.06931977352909358
1021,3,run_1,Sea Ice,neutral,0.040883390315720185
1045,3,run_1,Impatient Billionaire,positive,0.05544773464888995
1025,1,run_1,Sea Ice,neutral,0.043290148695036994
1029,2,run_1,Dont Look,negative,0.037498543267884425
1019,1,run_1,Natalie Wood,negative,0.06244230379921154
1020,2,run_1,Pool Party,positive,0.0657858789601585
1026,2,run_1,Dont Look,negative,0.048287354767237965
1043,1,run_1,Sea Ice,neutral,0.061214773563113355
1024,3,run_1,Impatient Billionaire,positive,0.05750654758805956
1012,3,run_1,Impatient Billionaire,positive,0.06883600866587325
1025,1,run_1,Natalie Wood,negative,0.04845184160701399
1001,1,run_1,Natalie Wood,negative,0.05011177051795534
1039,3,run_1,Sea Ice,neutral,0.05443717647479114
1003,3,run_1,Dont Look,negative,0.06285722537570014
1027,3,run_1,Impatient Billionaire,positive,0.04017353871577194
1021,3,run_1,Impatient Billionaire,positive,0.04357156055309601
1043,1,run_1,Natalie Wood,negative,0.048774564573647726
1010,1,run_1,Sea Ice,neutral,0.06479898080662662
1044,2,run_1,Dont Look,negative,0.06402124438507559
1015,3,run_1,Impatient Billionaire,positive,0.06389196800881085
1030,3,run_1,Dont Look,negative,0.06347642783333697
1023,2,run_1,Grandfather Clocks,neutral,0.059882965507787767
1042,3,run_1,Dont Look,negative,0.07608225265315331
1026,2,run_1,Pool Party,positive,0.05345616483288991
1013,1,run_1,Sea Ice,neutral,0.08599452640448316
1041,2,run_1,Dont Look,negative,0.058188470939902405
1018,3,run_1,Sea Ice,neutral,0.06277734868662468
1022,1,run_1,Sea Ice,neutral,0.0542055614503147
1040,1,run_1,Pool Party,positive,0.06789145166884931
1040,1,run_1,Sea Ice,neutral,0.06651316975318974
1006,3,run_1,Dont Look,negative,0.06070278548509775
1031,1,run_1,Sea Ice,neutral,0.05686244974184713
1039,3,run_1,Impatient Billionaire,positive,0.03437971293055985
1025,1,run_1,Pool Party,positive,0.03302910911169677
1023,2,run_1,Dont Look,negative,0.06134159139232932
1010,1,run_1,Pool Party,positive,0.07489220040839899
1022,1,run_1,Pool Party,positive,0.06096834504715672
1027,3,run_1,Dont Look,negative,0.05324133540121056
1044,2,run_1,Pool Party,positive,0.05898002110595283
1001,1,run_1,Pool Party,positive,0.05398336886980532
1002,2,run_1,Dont Look,negative,0.040840921282465484
1034,1,run_1,Pool Party,positive,0.0652624218791915
1004,1,run_1,Sea Ice,neutral,0.07805433670665574
1004,1,run_1,Natalie Wood,negative,0.06296951282309593
1017,2,run_1,Dont Look,negative,0.07380818777988189
1002,2,run_1,Pool Party,positive,0.06097123773189796
1044,2,run_1,Grandfather Clocks,neutral,0.05330969709676068
1045,3,run_1,Dont Look,negative,0.056409954070696815
1031,1,run_2,Grandfather Clocks,neutral,0.03532806182428713
1004,1,run_2,Impatient Billionaire,positive,0.08672433589901518
1025,1,run_2,Dont Look,negative,0.04757528115753655
1028,1,run_2,Grandfather Clocks,neutral,0.057757292731325204
1031,1,run_2,Impatient Billionaire,positive,0.040187105639663344
1039,3,run_2,Natalie Wood,negative,0.029373013466062158
1037,1,run_2,Impatient Billionaire,positive,0.02906463876374396
1001,1,run_2,Impatient Billionaire,positive,0.056273937358045124
1020,2,run_2,Sea Ice,neutral,0.05567216562295864
1039,3,run_2,Grandfather Clocks,neutral,0.06238319114894802
1006,3,run_2,Natalie Wood,negative,0.06925201395604663
1034,1,run_2,Impatient Billionaire,positive,0.06491116977487908
1021,3,run_2,Natalie Wood,negative,0.0394141850457013
1001,1,run_2,Grandfather Clocks,neutral,0.047967681176733654
1032,2,run_2,Impatient Billionaire,positive,0.055160989374446856
1029,2,run_2,Natalie Wood,negative,0.05549555482632312
1019,1,run_2,Dont Look,negative,0.07294885074050587
1040,1,run_2,Dont Look,negative,0.05261674780115131
1032,2,run_2,Natalie Wood,negative,0.05349059746637554
1037,1,run_2,Dont Look,negative,0.03876670758587608
1038,2,run_2,Sea Ice,neutral,0.0545856932682579
1006,3,run_2,Pool Party,positive,0.06473612173705012
1025,1,run_2,Grandfather Clocks,neutral,0.057575469079399526
1004,1,run_2,Dont Look,negative,0.05538538893917109
1035,2,run_2,Impatient Billionaire,positive,0.07385884407267124
1041,2,run_2,Natalie Wood,negative,0.05216885198936039
1037,1,run_2,Grandfather Clocks,neutral,0.035349003615874626
1003,3,run_2,Natalie Wood,negative,0.08082282006566548
1001,1,run_2,Dont Look,negative,0.05195964355374508
1018,3,run_2,Natalie Wood,negative,0.07259482046663429
1029,2,run_2,Impatient Billionaire,positive,0.06066539251907331
1027,3,run_2,Natalie Wood,negative,0.05266424034540086
1043,1,run_2,Grandfather Clocks,neutral,0.056025062115674186
1024,3,run_2,Pool Party,positive,0.06129838013254959
1021,3,run_2,Grandfather Clocks,neutral,0.06540429537795656
1028,1,run_2,Impatient Billionaire,positive,0.06180408928757616
1023,2,run_2,Sea Ice,neutral,0.06839479876508807
1044,2,run_2,Natalie Wood,negative,0.05422963132052212
1027,3,run_2,Grandfather Clocks,neutral,0.06333507376873958
1019,1,run_2,Grandfather Clocks,neutral,0.06320233049111111
1039,3,run_2,Pool Party,positive,0.06810852245870992
1042,3,run_2,Natalie Wood,negative,0.06411748457969556
1015,3,run_2,Natalie Wood,negative,0.042585649894099506
1003,3,run_2,Grandfather Clocks,neutral,0.07044180965878029
1024,3,run_2,Natalie Wood,negative,0.05387448544485796
1041,2,run_2,Sea Ice,neutral,0.07172836680796339
1028,1,run_2,Dont Look,negative,0.05320461423916438
1019,1,run_2,Impatient Billionaire,positive,0.06307077175966117
1006,3,run_2,Grandfather Clocks,neutral,0.0541381950082301
1040,1,run_2,Grandfather Clocks,neutral,0.05455090859654195
1030,3,run_2,Natalie Wood,negative,0.07593767637370256
1034,1,run_2,Dont Look,negative,0.06219023978968923
1043,1,run_2,Dont Look,negative,0.056208257520026964
1030,3,run_2,Grandfather Clocks,neutral,0.07676507757106217
1030,3,run_2,Pool Party,positive,0.07105816559975213
1038,2,run_2,Natalie Wood,negative,0.05905932111186125
1023,2,run_2,Natalie Wood,negative,0.0656012582227549
1024,3,run_2,Grandfather Clocks,neutral,0.0540389255257083
1045,3,run_2,Grandfather Clocks,neutral,0.055165043271201
1020,2,run_2,Natalie Wood,negative,0.04820021342350392
1018,3,run_2,Pool Party,positive,0.0695996245436652
1021,3,run_2,Pool Party,positive,0.05073124763486982
1035,2,run_2,Natalie Wood,negative,0.0793791165821697
1032,2,run_2,Sea Ice,neutral,0.05188863912297989
1038,2,run_2,Impatient Billionaire,positive,0.03237521954024989
1012,3,run_2,Grandfather Clocks,neutral,0.05164505273527701
1015,3,run_2,Grandfather Clocks,neutral,0.048472063446728234
1026,2,run_2,Impatient Billionaire,positive,0.0691968253034706
1026,2,run_2,Natalie Wood,negative,0.054201608148292724
1003,3,run_2,Pool Party,positive,0.06749142654253484
1043,1,run_2,Impatient Billionaire,positive,0.05539958112342178
1040,1,run_2,Impatient Billionaire,positive,0.0629238530195245
1017,2,run_2,Natalie Wood,negative,0.060019363307641876
1015,3,run_2,Pool Party,positive,0.04692790489165173
1023,2,run_2,Impatient Billionaire,positive,0.05985582021067321
1045,3,run_2,Pool Party,positive,0.053405130995085995
1042,3,run_2,Grandfather Clocks,neutral,0.07403122363804127
1010,1,run_2,Dont Look,negative,0.06528168243092518
1004,1,run_2,Grandfather Clocks,neutral,0.0731733518935584
1017,2,run_2,Impatient Billionaire,positive,0.07103685848036997
1020,2,run_2,Impatient Billionaire,positive,0.061632211157479015
1042,3,run_2,Pool Party,positive,0.08257400059825187
1010,1,run_2,Impatient Billionaire,positive,0.052978590261242624
1044,2,run_2,Sea Ice,neutral,0.048719441001722034
1031,1,run_2,Dont Look,negative,0.04335297961063978
1010,1,run_2,Grandfather Clocks,neutral,0.06489830275945387
1035,2,run_2,Sea Ice,neutral,0.07625163519793954
1041,2,run_2,Impatient Billionaire,positive,0.058118883917221004
1025,1,run_2,Impatient Billionaire,positive,0.045394860585535955
1045,3,run_2,Natalie Wood,negative,0.03592818366945153
1026,2,run_2,Sea Ice,neutral,0.06794781027863751
1012,3,run_2,Pool Party,positive,0.06219468918836784
1012,3,run_2,Natalie Wood,negative,0.050839575731134075
1027,3,run_2,Pool Party,positive,0.04919044708176878
1034,1,run_2,Grandfather Clocks,neutral,0.06062816702597713
1018,3,run_2,Grandfather Clocks,neutral,0.06822044657530033
1017,2,run_2,Sea Ice,neutral,0.04948250340123453
1044,2,run_2,Impatient Billionaire,positive,0.0547471802750663
1029,2,run_2,Sea Ice,neutral,0.05942120388003739
