story,event_num,isc_r,p
Pool Party,1,0.29533247982149485,0.0003999200159968006
Pool Party,2,0.37857773903320735,0.005398920215956809
Pool Party,3,0.11803186203412759,0.17956408718256348
Pool Party,4,0.01159953304717003,0.8780243951209759
Pool Party,5,0.1244734334361637,0.118376324735053
Pool Party,6,0.03505137478359196,0.6436712657468506
Pool Party,7,0.2311943439998126,0.010397920415916816
Pool Party,8,0.08202668949871238,0.2559488102379524
Pool Party,9,0.135741946709349,0.22435512897420515
Pool Party,10,-0.02862873985282867,1.383123375324935
Pool Party,11,0.11146512644455986,0.22515496900619875
Pool Party,12,0.22031844015892185,0.029994001199760048
Pool Party,13,-0.14640171619280906,1.8810237952409516
Pool Party,14,-0.06414546423363107,1.448110377924415
Pool Party,15,0.08394611210187099,0.30853829234153174
Pool Party,16,0.10767973129922687,0.25934813037392523
Pool Party,17,0.02293704062558902,0.8222355528894221
Pool Party,18,0.15035912595258405,0.011597680463907219
Pool Party,19,0.11412758311272059,0.1271745650869826
Pool Party,20,0.09197851212446786,0.2595480903819236
Sea Ice,1,0.009038789429495398,0.9348130373925214
Sea Ice,2,0.1471107494602516,0.017996400719856028
Sea Ice,3,0.15350298664651632,0.13637272545490903
Sea Ice,4,-0.08982519185752542,1.7210557888422315
Sea Ice,5,0.015355830028193396,0.8492301539692062
Sea Ice,6,0.09454132528989324,0.4159168166366727
Sea Ice,7,-0.006311566017621661,1.060587882423515
Sea Ice,8,0.23430186360115293,0.009198160367926415
Sea Ice,9,0.028281503077091666,0.75124975004999
Sea Ice,10,0.17389342277952916,0.014997000599880024
Sea Ice,11,0.12228262389262418,0.3529294141171766
Sea Ice,12,-0.18042879374035084,1.9978004399120177
Sea Ice,13,-0.0460551098901243,1.4459108178364328
Sea Ice,14,-0.13275126808565924,1.9776044791041791
Sea Ice,15,-0.006468554317878182,1.0635872825434913
Sea Ice,16,-0.2704485370883872,1.999000199960008
Sea Ice,17,-0.16751376434522428,1.986002799440112
Sea Ice,18,0.16258914802356905,0.03479304139172165
Sea Ice,19,-0.19369400168168155,1.999000199960008
Sea Ice,20,-0.042122295592778254,1.41751649670066
Sea Ice,21,0.0642668026237087,0.5226954609078185
Sea Ice,22,0.165070557874923,0.13877224555088982
Sea Ice,23,0.020453763776091732,0.7254549090181963
Natalie Wood,1,0.18943243654370925,0.004799040191961607
Natalie Wood,2,0.08200901258191147,0.2881423715256949
Natalie Wood,3,-0.0070453128424838194,1.0581883623275345
Natalie Wood,4,-0.13257308298589765,1.6888622275544891
Natalie Wood,5,0.010490786997686697,0.9212157568486303
Natalie Wood,6,0.15729212492941222,0.013597280543891222
Natalie Wood,7,0.1829844659920239,0.17816436712657469
Natalie Wood,8,-0.11025394332009947,1.9834033193361327
Natalie Wood,9,0.13557407108060388,0.11217756448710259
Natalie Wood,10,-0.07320327715558543,1.6146770645870827
Natalie Wood,11,0.3157252482316065,0.05338932213557289
Natalie Wood,12,0.2936546665031938,0.0007998400319936012
Natalie Wood,13,-0.36420613274892266,2.0
Natalie Wood,14,0.04450580796416877,0.6454709058188361
Natalie Wood,15,0.03366485980012409,0.7526494701059788
Natalie Wood,16,0.536936850893501,0.0003999200159968006
Natalie Wood,17,0.16458290377865317,0.22055588882223554
Natalie Wood,18,0.03062751748080504,0.569886022795441
Natalie Wood,19,0.17976343243062431,0.07538492301539693
Natalie Wood,20,0.05929156315886077,0.3495300939812037
Natalie Wood,21,0.023824902110186504,0.8276344731053789
Natalie Wood,22,0.2339021715070394,0.03499300139972006
Natalie Wood,23,-0.04914393607098532,1.2999400119976006
Natalie Wood,24,0.18752837036888748,0.05918816236752649
Natalie Wood,25,0.21185769979245428,0.046590681863627276
Natalie Wood,26,0.033887894194504053,0.5674865026994601
Natalie Wood,27,0.3163971896768981,0.0003999200159968006
Natalie Wood,28,0.14411195603941865,0.0621875624875025
Natalie Wood,29,-0.11408598876918737,1.8834233153369326
Natalie Wood,30,0.003504881498360839,0.9758048390321936
Natalie Wood,31,-0.10188101956443044,1.6760647870425913
Natalie Wood,32,0.12197013566515762,0.08218356328734253
Natalie Wood,33,0.46170224341193317,0.0009998000399920016
Natalie Wood,34,0.25882878177897295,0.0657868426314737
Natalie Wood,35,0.21141092628247155,0.10137972405518897
Natalie Wood,36,0.3073086384024189,0.0003999200159968006
Natalie Wood,37,-0.028673189910590872,1.2955408918216356
Natalie Wood,38,0.45695084431232436,0.0003999200159968006
Natalie Wood,39,-0.08876857087121416,1.8510297940411917
Natalie Wood,40,0.3190400645208923,0.007598480303939212
Natalie Wood,41,-0.022102214655012577,1.2481503699260148
Natalie Wood,42,-0.0174311281806162,1.1151769646070786
Natalie Wood,43,0.050635766878864244,0.35972805438912214
Natalie Wood,44,0.01099268060865142,0.896620675864827
Natalie Wood,45,-0.007766468066014091,1.0643871225754848
Natalie Wood,46,0.14174955586275628,0.0605878824235153
Natalie Wood,47,0.06366701466278143,0.3371325734853029
Natalie Wood,48,0.13306056276601452,0.1319736052789442
Natalie Wood,49,0.1157070987617436,0.11477704459108179
Natalie Wood,50,0.12023418814671233,0.27534493101379726
Natalie Wood,51,0.12284303375118352,0.0687862427514497
Natalie Wood,52,0.14682371627696816,0.09398120375924815
Natalie Wood,53,0.15385349591289368,0.16196760647870426
Natalie Wood,54,0.04810371382408913,0.6598680263947211
Natalie Wood,55,0.18255443344326958,0.08998200359928014
Grandfather Clocks,1,0.1312938063178015,0.26914617076584685
Grandfather Clocks,2,0.036047209188821636,0.5380923815236953
Grandfather Clocks,3,0.018637402960252233,0.8174365126974605
Grandfather Clocks,4,0.04072519329425083,0.5432913417316536
Grandfather Clocks,5,0.1266723682131364,0.1349730053989202
Grandfather Clocks,6,0.16086360620858686,0.028594281143771244
Grandfather Clocks,7,0.31275989864678133,0.0003999200159968006
Grandfather Clocks,8,-0.06284580143715918,1.657268546290742
Grandfather Clocks,9,0.09188999024328785,0.4377124575084983
Grandfather Clocks,10,0.24237517789761026,0.038992201559688064
Grandfather Clocks,11,0.12182696555325076,0.1985602879424115
Grandfather Clocks,12,0.13179801045043604,0.2555488902219556
Grandfather Clocks,13,0.0420535367913871,0.6190761847630474
Grandfather Clocks,14,0.024888880315986732,0.6464707058588283
Grandfather Clocks,15,-0.005915327456761475,1.0619876024795043
Grandfather Clocks,16,0.2504702303675165,0.02659468106378724
Grandfather Clocks,17,-0.0518649557774331,1.5100979804039194
Grandfather Clocks,18,0.09304716224212775,0.22535492901419715
Grandfather Clocks,19,-0.33242223617322825,2.0
Grandfather Clocks,20,0.2893184032203815,0.0027994401119776045
Grandfather Clocks,21,-0.028772673832586904,1.291741651669666
Grandfather Clocks,22,-0.2171167357724239,1.9998000399920017
Grandfather Clocks,23,0.2888585561634197,0.0003999200159968006
Grandfather Clocks,24,-0.07303331983820427,1.6426714657068586
Grandfather Clocks,25,0.061074094126755664,0.5102979404119176
Grandfather Clocks,26,-0.0901735463290931,1.7468506298740252
Grandfather Clocks,27,-0.051725257683010714,1.620875824835033
Grandfather Clocks,28,-0.028409758715691905,1.2455508898220355
Grandfather Clocks,29,-0.015610684996845675,1.18876224755049
Impatient Billionaire,1,-0.28946937526392713,2.0
Impatient Billionaire,2,0.12576127152887337,0.04299140171965607
Impatient Billionaire,3,0.13766327298719275,0.10277944411117776
Impatient Billionaire,4,-0.05809930142954322,1.5950809838032394
Impatient Billionaire,5,0.10412294472941219,0.1261747650469906
Impatient Billionaire,6,-0.01525764908559569,1.1485702859428115
Impatient Billionaire,7,0.13357355794780562,0.13577284543091384
Impatient Billionaire,8,0.08192565956707314,0.34273145370925817
Impatient Billionaire,9,0.22543481953849642,0.0631873625274945
Impatient Billionaire,10,-0.14489403069551965,1.9568086382723455
Impatient Billionaire,11,0.163643091568325,0.03179364127174565
Impatient Billionaire,12,0.15860038998699988,0.09618076384723057
Impatient Billionaire,13,0.2886462284041467,0.004599080183963208
Impatient Billionaire,14,-0.012675280859555731,1.093381323735253
Impatient Billionaire,15,-0.11889737493197733,1.8866226754649071
Impatient Billionaire,16,0.28273068983721766,0.0007998400319936012
Impatient Billionaire,17,0.12236532680608421,0.15536892621475706
Dont Look,1,0.2427617227825571,0.0017996400719856027
Dont Look,2,0.15921921321598534,0.04379124175164967
Dont Look,3,-0.1483058225603073,1.9954009198160367
Dont Look,4,-0.0025837409867158602,1.0385922815436912
Dont Look,5,0.005009017484591686,0.9586082783443312
Dont Look,6,-0.06205918001335496,1.4907018596280743
Dont Look,7,0.04869620393218888,0.5060987802439512
Dont Look,8,0.08809001977457485,0.386122775444911
Dont Look,9,0.014779991440674172,0.7990401919616077
Dont Look,10,0.07960838813403855,0.3593281343731254
Dont Look,11,-0.018853428804200555,1.2169566086782644
Dont Look,12,0.1971606888088328,0.01879624075184963
Dont Look,13,-0.03195637964038382,1.2435512897420518
Dont Look,14,-0.016332391439297538,1.1227754449110177
Dont Look,15,0.06736141667083792,0.39172165566886624
Dont Look,16,0.056582755083323354,0.49470105978804235
Dont Look,17,0.31856259372152823,0.0003999200159968006
Dont Look,18,-0.020908254665378864,1.19876024795041
Dont Look,19,0.014873797290957405,0.8844231153769246
Dont Look,20,0.08037980487163886,0.18716256748650267
Dont Look,21,0.04014609735663302,0.707258548290342
Dont Look,22,0.1405294296269667,0.0637872425514897
Dont Look,23,0.026556828911140157,0.7894421115776844
Dont Look,24,0.03541146465679225,0.5846830633873226
Dont Look,25,0.09259223290580695,0.3133373325334933
Dont Look,26,0.05394969089145896,0.4495100979804039
Dont Look,27,0.14343280349345258,0.1319736052789442
Dont Look,28,0.15941859854250431,0.1401719656068786
Dont Look,29,0.14420786909494937,0.06298740251949611
Dont Look,30,0.00342165505428387,0.968006398720256
Dont Look,31,-0.03623423756321924,1.4509098180363926
Dont Look,32,0.30267380499130386,0.0013997200559888023
Dont Look,33,0.039462436304954884,0.6660667866426715
Dont Look,34,0.3908076504296324,0.0003999200159968006
Dont Look,35,-0.1869465962121624,1.8620275944811038
Dont Look,36,0.10287681792012048,0.1345730853829234
Dont Look,37,-0.15394757179284665,1.72125574885023
Dont Look,38,0.014316752282329972,0.8628274345130974
Dont Look,39,0.10545843416697283,0.2423515296940612
Dont Look,40,0.28818930452693453,0.0017996400719856027
Dont Look,41,0.2134122514184526,0.001399720055988802
