subject,group,run,story,dominant_freq_Hz
1001,1,run_1,Pool Party,0.0401069518716577
1001,1,run_2,Impatient Billionaire,0.0363636363636363
1001,1,run_2,Grandfather Clocks,0.0130841121495327
1001,1,run_1,Sea Ice,0.0341207349081364
1001,1,run_2,Dont Look,0.0225352112676056
1001,1,run_1,Natalie Wood,0.0122699386503067
1002,2,run_1,Pool Party,0.0267379679144385
1002,2,run_1,Grandfather Clocks,0.022429906542056
1002,2,run_1,Dont Look,0.0112676056338028
1003,3,run_2,Pool Party,0.0160427807486631
1003,3,run_1,Impatient Billionaire,0.0575757575757575
1003,3,run_2,Natalie Wood,0.0515337423312883
1003,3,run_1,Sea Ice,0.0209973753280839
1003,3,run_2,Grandfather Clocks,0.022429906542056
1003,3,run_1,Dont Look,0.028169014084507
1004,1,run_1,Natalie Wood,0.0147239263803681
1004,1,run_1,Pool Party,0.0133689839572192
1004,1,run_1,Sea Ice,0.0393700787401574
1004,1,run_2,Dont Look,0.0169014084507042
1004,1,run_2,Impatient Billionaire,0.0484848484848484
1004,1,run_2,Grandfather Clocks,0.0859813084112149
1006,3,run_1,Impatient Billionaire,0.0333333333333333
1006,3,run_2,Pool Party,0.0454545454545454
1006,3,run_1,Dont Look,0.028169014084507
1006,3,run_2,Grandfather Clocks,0.0130841121495327
1006,3,run_2,Natalie Wood,0.0233128834355828
1006,3,run_1,Sea Ice,0.0209973753280839
1010,1,run_1,Sea Ice,0.0367454068241469
1010,1,run_1,Pool Party,0.0454545454545454
1010,1,run_1,Natalie Wood,0.0184049079754601
1010,1,run_2,Grandfather Clocks,0.0710280373831775
1010,1,run_2,Impatient Billionaire,0.0121212121212121
1010,1,run_2,Dont Look,0.0394366197183098
1012,3,run_2,Grandfather Clocks,0.0299065420560747
1012,3,run_1,Impatient Billionaire,0.0454545454545454
1012,3,run_1,Dont Look,0.0126760563380281
1012,3,run_2,Pool Party,0.0294117647058823
1012,3,run_2,Natalie Wood,0.0233128834355828
1012,3,run_1,Sea Ice,0.0157480314960629
1013,1,run_1,Sea Ice,0.0183727034120734
1013,1,run_1,Natalie Wood,0.0196319018404908
1013,1,run_1,Pool Party,0.0427807486631016
1015,3,run_1,Impatient Billionaire,0.0181818181818181
1015,3,run_2,Natalie Wood,0.011042944785276
1015,3,run_2,Pool Party,0.0133689839572192
1015,3,run_1,Sea Ice,0.0183727034120734
1015,3,run_2,Grandfather Clocks,0.0130841121495327
1015,3,run_1,Dont Look,0.0169014084507042
1016,1,run_1,Pool Party,0.0187165775401069
1016,1,run_1,Natalie Wood,0.0184049079754601
1016,1,run_1,Sea Ice,0.0236220472440944
1017,2,run_2,Impatient Billionaire,0.0242424242424242
1017,2,run_2,Natalie Wood,0.0368098159509202
1017,2,run_1,Dont Look,0.028169014084507
1017,2,run_1,Grandfather Clocks,0.0299065420560747
1017,2,run_2,Sea Ice,0.0314960629921259
1017,2,run_1,Pool Party,0.0187165775401069
1018,3,run_1,Sea Ice,0.0288713910761154
1018,3,run_2,Natalie Wood,0.0147239263803681
1018,3,run_2,Pool Party,0.0267379679144385
1018,3,run_1,Dont Look,0.0154929577464788
1018,3,run_2,Grandfather Clocks,0.0504672897196261
1018,3,run_1,Impatient Billionaire,0.0212121212121212
1019,1,run_2,Impatient Billionaire,0.0212121212121212
1019,1,run_1,Natalie Wood,0.0269938650306748
1019,1,run_2,Dont Look,0.0464788732394366
1019,1,run_2,Grandfather Clocks,0.0448598130841121
1019,1,run_1,Sea Ice,0.0262467191601049
1019,1,run_1,Pool Party,0.0294117647058823
1020,2,run_1,Grandfather Clocks,0.016822429906542
1020,2,run_2,Sea Ice,0.0288713910761154
1020,2,run_2,Impatient Billionaire,0.0515151515151515
1020,2,run_1,Dont Look,0.0112676056338028
1020,2,run_2,Natalie Wood,0.0184049079754601
1020,2,run_1,Pool Party,0.0160427807486631
1021,3,run_1,Sea Ice,0.0262467191601049
1021,3,run_1,Dont Look,0.0140845070422535
1021,3,run_1,Impatient Billionaire,0.0121212121212121
1021,3,run_2,Pool Party,0.0160427807486631
1021,3,run_2,Natalie Wood,0.0134969325153374
1021,3,run_2,Grandfather Clocks,0.022429906542056
1022,1,run_1,Pool Party,0.0213903743315508
1022,1,run_1,Sea Ice,0.0157480314960629
1022,1,run_1,Natalie Wood,0.0171779141104294
1023,2,run_2,Impatient Billionaire,0.0393939393939393
1023,2,run_2,Sea Ice,0.0262467191601049
1023,2,run_1,Grandfather Clocks,0.0336448598130841
1023,2,run_1,Pool Party,0.0213903743315508
1023,2,run_1,Dont Look,0.0225352112676056
1023,2,run_2,Natalie Wood,0.0196319018404908
1024,3,run_2,Natalie Wood,0.0233128834355828
1024,3,run_1,Sea Ice,0.0314960629921259
1024,3,run_2,Pool Party,0.0240641711229946
1024,3,run_1,Dont Look,0.0309859154929577
1024,3,run_1,Impatient Billionaire,0.0121212121212121
1024,3,run_2,Grandfather Clocks,0.0205607476635514
1025,1,run_2,Dont Look,0.0225352112676056
1025,1,run_2,Grandfather Clocks,0.0205607476635514
1025,1,run_2,Impatient Billionaire,0.0363636363636363
1025,1,run_1,Natalie Wood,0.0319018404907975
1025,1,run_1,Pool Party,0.0106951871657754
1025,1,run_1,Sea Ice,0.0157480314960629
1026,2,run_1,Pool Party,0.0267379679144385
1026,2,run_2,Impatient Billionaire,0.0242424242424242
1026,2,run_1,Dont Look,0.0169014084507042
1026,2,run_2,Natalie Wood,0.0134969325153374
1026,2,run_1,Grandfather Clocks,0.0373831775700934
1026,2,run_2,Sea Ice,0.0472440944881889
1027,3,run_1,Dont Look,0.0140845070422535
1027,3,run_2,Grandfather Clocks,0.016822429906542
1027,3,run_1,Sea Ice,0.0183727034120734
1027,3,run_2,Pool Party,0.0133689839572192
1027,3,run_1,Impatient Billionaire,0.0121212121212121
1027,3,run_2,Natalie Wood,0.0122699386503067
1028,1,run_2,Impatient Billionaire,0.0424242424242424
1028,1,run_2,Dont Look,0.0169014084507042
1028,1,run_2,Grandfather Clocks,0.0149532710280373
1029,2,run_2,Natalie Wood,0.0368098159509202
1029,2,run_2,Impatient Billionaire,0.0242424242424242
1029,2,run_2,Sea Ice,0.0157480314960629
1029,2,run_1,Grandfather Clocks,0.0467289719626168
1029,2,run_1,Dont Look,0.0126760563380281
1029,2,run_1,Pool Party,0.0213903743315508
1030,3,run_2,Natalie Wood,0.0417177914110429
1030,3,run_1,Impatient Billionaire,0.0363636363636363
1030,3,run_1,Dont Look,0.0239436619718309
1030,3,run_1,Sea Ice,0.0472440944881889
1030,3,run_2,Pool Party,0.0133689839572192
1030,3,run_2,Grandfather Clocks,0.0130841121495327
1031,1,run_2,Dont Look,0.0183098591549295
1031,1,run_1,Sea Ice,0.0157480314960629
1031,1,run_1,Pool Party,0.0240641711229946
1031,1,run_1,Natalie Wood,0.0184049079754601
1031,1,run_2,Grandfather Clocks,0.016822429906542
1031,1,run_2,Impatient Billionaire,0.0151515151515151
1032,2,run_2,Natalie Wood,0.0134969325153374
1032,2,run_1,Grandfather Clocks,0.0186915887850467
1032,2,run_2,Impatient Billionaire,0.0212121212121212
1032,2,run_2,Sea Ice,0.0314960629921259
1032,2,run_1,Dont Look,0.0295774647887323
1032,2,run_1,Pool Party,0.0160427807486631
1034,1,run_2,Impatient Billionaire,0.0303030303030303
1034,1,run_1,Sea Ice,0.0131233595800524
1034,1,run_1,Natalie Wood,0.0147239263803681
1034,1,run_1,Pool Party,0.0160427807486631
1034,1,run_2,Grandfather Clocks,0.0186915887850467
1034,1,run_2,Dont Look,0.0295774647887323
1035,2,run_1,Grandfather Clocks,0.0242990654205607
1035,2,run_2,Natalie Wood,0.0245398773006134
1035,2,run_1,Pool Party,0.0294117647058823
1035,2,run_1,Dont Look,0.0478873239436619
1035,2,run_2,Sea Ice,0.0813648293963254
1035,2,run_2,Impatient Billionaire,0.0212121212121212
1037,1,run_1,Pool Party,0.0427807486631016
1037,1,run_1,Sea Ice,0.0157480314960629
1037,1,run_1,Natalie Wood,0.0159509202453987
1037,1,run_2,Grandfather Clocks,0.0205607476635514
1037,1,run_2,Dont Look,0.0225352112676056
1037,1,run_2,Impatient Billionaire,0.0212121212121212
1038,2,run_1,Pool Party,0.0641711229946524
1038,2,run_2,Impatient Billionaire,0.009090909090909
1038,2,run_2,Sea Ice,0.0209973753280839
1038,2,run_1,Dont Look,0.0183098591549295
1038,2,run_1,Grandfather Clocks,0.0149532710280373
1038,2,run_2,Natalie Wood,0.0306748466257668
1039,3,run_1,Dont Look,0.0140845070422535
1039,3,run_2,Grandfather Clocks,0.0205607476635514
1039,3,run_2,Natalie Wood,0.0122699386503067
1039,3,run_1,Impatient Billionaire,0.0181818181818181
1039,3,run_1,Sea Ice,0.0183727034120734
1039,3,run_2,Pool Party,0.0427807486631016
1040,1,run_1,Natalie Wood,0.0159509202453987
1040,1,run_2,Dont Look,0.0126760563380281
1040,1,run_2,Grandfather Clocks,0.0186915887850467
1040,1,run_1,Sea Ice,0.0446194225721784
1040,1,run_1,Pool Party,0.0160427807486631
1040,1,run_2,Impatient Billionaire,0.0121212121212121
1041,2,run_2,Natalie Wood,0.0159509202453987
1041,2,run_1,Pool Party,0.0240641711229946
1041,2,run_2,Impatient Billionaire,0.0212121212121212
1041,2,run_1,Dont Look,0.0253521126760563
1041,2,run_1,Grandfather Clocks,0.0373831775700934
1041,2,run_2,Sea Ice,0.0131233595800524
1042,3,run_1,Dont Look,0.0338028169014084
1042,3,run_2,Grandfather Clocks,0.0261682242990654
1042,3,run_1,Impatient Billionaire,0.0151515151515151
1042,3,run_2,Natalie Wood,0.0220858895705521
1042,3,run_2,Pool Party,0.0187165775401069
1042,3,run_1,Sea Ice,0.0629921259842519
1043,1,run_2,Dont Look,0.0309859154929577
1043,1,run_2,Grandfather Clocks,0.0242990654205607
1043,1,run_1,Sea Ice,0.0209973753280839
1043,1,run_1,Pool Party,0.0133689839572192
1043,1,run_1,Natalie Wood,0.0196319018404908
1043,1,run_2,Impatient Billionaire,0.0151515151515151
1044,2,run_1,Pool Party,0.0267379679144385
1044,2,run_2,Impatient Billionaire,0.0303030303030303
1044,2,run_2,Natalie Wood,0.0147239263803681
1044,2,run_1,Grandfather Clocks,0.016822429906542
1044,2,run_2,Sea Ice,0.0288713910761154
1044,2,run_1,Dont Look,0.0140845070422535
1045,3,run_2,Grandfather Clocks,0.016822429906542
1045,3,run_2,Natalie Wood,0.0098159509202454
1045,3,run_1,Impatient Billionaire,0.0303030303030303
1045,3,run_1,Dont Look,0.0169014084507042
1045,3,run_1,Sea Ice,0.0314960629921259
1045,3,run_2,Pool Party,0.0160427807486631
